timestamp, heartRate, gyroscopeX, gyroscopeY, gyroscopeZ, gyroscopeRotationX, gyroscopeRotationY, gyroscopeRotationZ, light
1574890430273,59,-0.49,0.7,0.35,-0.5,0.865,0.007,28
1574890431278,59,-0.14,0.7,0.14,-0.501,0.864,0.007,28
1574890432279,59,4.55,0.63,-0.98,-0.505,0.862,0.008,28
1574890433274,59,4.55,0.63,-0.98,-0.505,0.862,0.008,28
1574890434277,59,9.24,1.96,-0.91,-0.509,0.86,0.006,28
1574890435274,59,-7.14,-0.21,1.61,-0.506,0.861,0.009,28
1574890436273,59,8.82,0.98,-2.1,-0.509,0.859,0.01,28
1574890437273,59,8.82,0.98,-2.1,-0.509,0.859,0.01,28
1574890438278,59,6.65,1.75,-3.01,-0.511,0.858,0.009,28
1574890439273,59,1.12,-0.56,0.77,-0.513,0.858,0.007,28
1574890440273,59,-5.39,0.42,1.89,-0.51,0.858,0.011,28
1574890441281,59,10.08,1.89,-3.08,-0.514,0.857,0.007,28
1574890442273,59,-6.37,-0.21,3.08,-0.515,0.857,0.006,28
1574890443280,59,3.43,1.89,-1.54,-0.512,0.858,0.01,28
1574890444273,59,3.78,0.21,0.14,-0.516,0.856,0.006,27
1574890445278,0,-7,-0.07,2.24,-0.514,0.856,0.009,28
1574890446277,0,10.5,3.15,-3.15,-0.517,0.855,0.009,28
1574890447272,0,10.5,3.15,-3.15,-0.517,0.855,0.009,28
1574890448274,0,0.14,2.24,-0.07,-0.516,0.855,0.01,28
1574890449275,0,9.73,0.56,-1.82,-0.52,0.854,0.005,28
1574890450275,0,-3.36,1.89,2.03,-0.518,0.855,0.008,27
1574890451273,0,0.28,-3.92,-2.66,-0.53,0.847,0.007,27
1574890452275,0,5.04,3.57,-0.91,-0.537,0.842,0.005,25
1574890453275,0,2.94,4.69,-5.67,-0.527,0.848,0.008,28
1574890454274,0,3.92,1.19,-1.82,-0.537,0.842,0.009,27
1574890455273,0,-0.84,3.29,0.91,-0.511,0.858,0.009,28
1574890456278,0,-35.98,-7,12.18,-0.534,0.843,0.015,27
1574890457272,0,-35.98,-7,12.18,-0.534,0.843,0.015,27
1574890458274,0,-5.11,-0.84,2.24,-0.518,0.854,0.011,31
1574890459276,0,2.31,0.84,-0.49,-0.492,0.868,0.015,31
1574890460274,0,3.29,1.05,0.49,-0.49,0.87,0.011,30
1574890461279,0,-1.61,0.77,0.63,-0.488,0.871,0.009,28
1574890462278,0,4.27,0.91,0.14,-0.486,0.872,0.006,28
1574890463277,0,-1.26,1.89,0.7,-0.486,0.872,0.006,28
1574890464282,0,2.31,-0.07,-0.84,-0.484,0.874,0.006,27
1574890465290,69,1.05,0.77,0.63,-0.484,0.874,0.004,26
1574890466287,69,-0.7,0.14,-0.21,-0.481,0.875,0.006,26
1574890467279,68,2.52,0.07,0.49,-0.48,0.876,0.004,26
1574890468277,67,-1.75,1.89,0.77,-0.477,0.878,0.003,25
1574890469276,67,2.45,-0.07,-0.7,-0.474,0.879,0.002,25
1574890470277,66,-0.42,1.82,0.77,-0.472,0.881,0.002,25
1574890471273,65,-0.42,1.82,0.77,-0.472,0.881,0.002,25
1574890472273,64,0.91,1.33,0.7,-0.466,0.884,0.002,25
1574890473278,64,-0.42,0.14,-0.21,-0.464,0.885,0.003,24
1574890474298,63,1.96,0.49,-0.07,-0.463,0.886,0.001,25
1574890475286,63,1.96,0.49,-0.07,-0.463,0.886,0.001,25
1574890476276,63,0.98,-0.21,-0.7,-0.454,0.89,0.003,25
1574890477273,63,1.47,0.63,0.77,-0.453,0.891,0.001,25
1574890478273,63,-1.33,0.42,-0.14,-0.448,0.893,0.003,25
1574890479275,63,1.19,0.98,0.7,-0.442,0.896,0.001,25
1574890480274,63,2.1,-0.14,-0.56,-0.438,0.898,0.001,25
1574890481279,63,0.14,1.75,0.77,-0.429,0.902,0,25
1574890482275,63,2.03,-0.28,-0.77,-0.422,0.905,0.001,25
1574890483278,63,1.33,0.7,0.7,-0.414,0.909,-0.001,25
1574890484276,63,-1.4,0.28,-0.14,-0.401,0.915,0,25
1574890485278,63,2.03,0.28,0.35,-0.394,0.918,-0.002,25
1574890486276,63,-1.19,1.68,0.49,-0.379,0.925,-0.003,25
1574890487278,63,-1.19,1.68,0.49,-0.379,0.925,-0.003,25
1574890488274,63,1.26,0.84,0.63,-0.347,0.937,-0.005,25
1574890489274,63,1.75,0.28,-0.49,-0.326,0.944,-0.004,25
1574890490275,63,-0.35,1.33,0.56,-0.294,0.955,-0.006,25
1574890491272,63,1.82,-0.14,-0.42,-0.294,0.955,-0.006,25
1574890492273,63,-0.98,1.54,0.56,-0.227,0.973,-0.008,25
1574890493274,63,2.73,-0.28,-0.7,-0.189,0.981,-0.011,25
1574890494274,63,0.56,1.26,0.56,-0.132,0.99,-0.012,25
1574890495276,63,0.56,1.26,0.56,-0.132,0.99,-0.012,25
1574890496278,63,161,3.15,8.68,-0.028,0.998,-0.053,25
1574890497282,63,-9.52,2.52,0.35,-0.279,-0.96,0.003,12
1574890498280,63,-47.95,-8.61,4.83,-0.247,-0.969,0.019,11
1574890499280,63,-47.95,-8.61,4.83,-0.247,-0.969,0.019,11
1574890500277,63,-9.45,1.68,-0.7,-0.652,-0.758,0.002,13
1574890501276,63,-5.25,0.49,-2.73,-0.645,-0.764,0,14
1574890502279,63,9.73,2.24,-0.98,-0.65,-0.76,-0.002,14
1574890503287,63,25.34,-11.55,0.56,-0.319,-0.948,0.006,14
1574890504274,63,-4.48,-5.32,-0.35,-0.321,-0.947,0.004,15
1574890505282,0,-0.7,1.47,-1.89,-0.65,-0.76,-0.004,15
1574890506282,0,21.91,1.12,14.49,-0.648,-0.761,-0.013,15
1574890507280,0,21.91,1.12,14.49,-0.648,-0.761,-0.013,15
1574890508275,0,5.18,-0.98,1.19,-0.367,-0.93,0.003,14
1574890509288,0,-5.18,-7.35,3.99,-0.38,-0.925,0.004,14
1574890510282,0,2.8,-0.91,-1.96,-0.386,-0.922,0.004,15
1574890511284,0,-21.21,-8.4,-2.66,-0.386,-0.922,0.004,15
1574890512274,0,7.91,2.52,0.77,-0.396,-0.918,0.003,15
1574890513283,0,-0.56,0.49,0.14,-0.413,-0.911,0.002,15
1574890514281,0,0.77,0.63,0.28,-0.42,-0.908,0.002,14
1574890515281,0,0.77,0.63,0.28,-0.42,-0.908,0.002,14
1574890516274,0,1.68,0.42,0.35,-0.431,-0.903,0.003,15
1574890517286,70,-17.64,-8.96,-3.99,-0.43,-0.903,0.009,15
1574890518276,70,13.93,4.69,0.91,-0.654,-0.756,0.001,14
1574890519278,71,13.93,4.69,0.91,-0.654,-0.756,0.001,14
1574890520276,70,10.08,1.19,3.64,-0.652,-0.758,0.003,15
1574890521285,70,8.89,1.89,2.38,-0.452,-0.892,0.007,15
1574890522281,71,0.56,-0.07,0.28,-0.467,-0.884,0.002,15
1574890523277,70,0.56,-0.07,0.28,-0.467,-0.884,0.002,15
1574890524282,69,-0.84,-0.91,0.42,-0.478,-0.878,0.004,15
1574890525279,66,-12.88,-2.24,-0.84,-0.654,-0.757,0.001,15
1574890526281,66,17.43,-1.19,1.47,-0.654,-0.757,0.001,15
1574890527283,65,9.73,0.28,-1.33,-0.652,-0.758,0.004,15
1574890528281,63,-23.59,-13.72,5.88,-0.489,-0.872,0.021,16
1574890529280,64,22.19,4.9,1.05,-0.495,-0.869,0.005,14
1574890530284,66,6.3,0.42,1.26,-0.504,-0.864,0.004,15
1574890531275,68,-1.54,0.98,0.49,-0.505,-0.863,0.002,15
1574890532283,70,0.42,-1.33,1.54,-0.509,-0.861,0.001,15
1574890533286,71,23.66,-1.96,-5.81,-0.515,-0.857,0.007,16
1574890534304,73,2.66,0.49,0.21,-0.52,-0.854,0.002,16
1574890535284,74,2.66,0.49,0.21,-0.52,-0.854,0.002,16
1574890536280,74,-1.61,-0.63,0.98,-0.529,-0.849,0.002,15
1574890537280,74,9.73,5.67,-4.2,-0.525,-0.851,0.004,15
1574890538284,74,3.78,0.07,-0.21,-0.529,-0.848,0.004,16
1574890539284,74,3.78,0.07,-0.21,-0.529,-0.848,0.004,18
1574890540282,74,2.24,0.28,-0.14,-0.535,-0.845,0.004,16
1574890541273,74,0.42,1.26,0.14,-0.539,-0.842,0.005,16
1574890542281,74,1.82,0.7,0.21,-0.543,-0.84,0.004,16
1574890543282,74,0.49,0.63,0.21,-0.547,-0.837,0.005,16
1574890544278,74,1.12,0.21,0.21,-0.549,-0.836,0.004,16
1574890545285,74,8.26,4.13,4.2,-0.656,-0.755,0,14
1574890546274,74,-8.96,-4.97,-5.67,-0.657,-0.754,-0.006,15
1574890547281,74,-3.22,-0.14,1.4,-0.557,-0.831,0.001,15
1574890548285,74,-5.11,-3.15,0.07,-0.563,-0.826,0.001,13
1574890549284,74,-5.11,-3.15,0.07,-0.563,-0.826,0.001,15
1574890550306,74,0.42,1.33,0.35,-0.567,-0.824,0.002,15
1574890551279,74,2.38,0.28,-0.14,-0.569,-0.822,0.002,15
1574890552285,74,0.63,0.21,0.56,-0.571,-0.821,0.002,15
1574890553280,74,0.07,1.75,1.12,-0.573,-0.82,0.002,15
1574890554278,74,0.84,0.21,0.28,-0.574,-0.819,0.002,15
1574890555278,74,-1.61,0.91,-0.42,-0.576,-0.817,0.002,15
1574890556278,74,1.19,0.63,0.07,-0.578,-0.816,0.002,15
1574890557286,74,-1.75,0.84,-0.14,-0.58,-0.815,0.002,15
1574890558279,74,1.19,0.56,0.14,-0.582,-0.813,0.002,15
1574890559284,74,0.07,1.19,0.21,-0.583,-0.813,0.002,15
1574890560280,74,1.4,0.42,0.07,-0.584,-0.812,0.002,15
1574890561282,74,1.4,0.42,0.07,-0.584,-0.812,0.002,15
1574890562279,74,2.03,-0.14,0.35,-0.587,-0.81,0.002,14
1574890563278,74,0.49,2.31,-0.35,-0.588,-0.809,0.002,15
1574890564294,74,-3.99,1.12,0.42,-0.588,-0.809,0.003,13
1574890565276,0,-3.99,1.12,0.42,-0.588,-0.809,0.003,13
1574890566281,0,0.07,-0.28,0.56,-0.593,-0.805,0.002,14
1574890567281,0,0.91,0.56,0.28,-0.594,-0.804,0.001,15
1574890568287,0,0.7,1.33,0.14,-0.596,-0.803,0.002,15
1574890569280,0,0.7,1.33,0.14,-0.596,-0.803,0.002,15
1574890570281,0,-0.84,0.98,-0.07,-0.597,-0.802,0.002,15
1574890571279,0,0.42,-0.63,0.63,-0.598,-0.801,0.003,15
1574890572280,0,1.19,0.63,-0.07,-0.599,-0.801,0.003,15
1574890573286,0,-0.63,1.47,-0.21,-0.6,-0.8,0.002,15
1574890574282,0,0.98,0.21,0.07,-0.601,-0.799,0.002,15
1574890575281,58,-0.84,1.05,-0.07,-0.602,-0.799,0.003,15
1574890576282,57,1.05,0.28,0.14,-0.603,-0.798,0.002,15
1574890577286,58,-0.14,0.56,0.28,-0.603,-0.798,0.003,15
1574890578281,58,1.54,0.21,0.14,-0.604,-0.797,0.002,15
1574890579281,58,-0.28,0.98,0.14,-0.605,-0.796,0.002,15
1574890580284,58,1.12,0.49,-0.07,-0.606,-0.796,0.002,15
1574890581282,59,1.12,0.49,-0.07,-0.606,-0.796,0.002,15
1574890582284,59,0.77,0.07,0.35,-0.607,-0.795,0.003,15
1574890583285,60,0.49,1.12,-0.14,-0.607,-0.794,0.002,15
1574890584291,60,0.07,0.56,0.35,-0.608,-0.794,0.002,15
1574890585277,61,0.07,0.56,0.35,-0.608,-0.794,0.002,15
1574890586285,60,0.91,1.26,-0.07,-0.609,-0.793,0.003,15
1574890587281,61,0.84,-0.07,0.49,-0.609,-0.793,0.003,15
1574890588285,60,1.54,0.49,0.07,-0.609,-0.793,0.003,15
1574890589282,59,0.49,0.77,0.28,-0.61,-0.793,0.002,15
1574890590285,59,1.4,0.63,0.14,-0.61,-0.792,0.003,15
1574890591283,59,5.88,5.88,-0.84,-0.655,-0.756,0.001,15
1574890592281,60,-0.56,-3.22,1.96,-0.609,-0.794,0.003,15
1574890593286,61,3.29,2.24,-1.82,-0.609,-0.793,0.005,15
1574890594296,62,-9.03,-1.19,7.28,-0.654,-0.756,-0.004,12
1574890595277,62,-9.03,-1.19,7.28,-0.654,-0.756,-0.004,15
1574890596283,62,-9.94,-1.96,-0.7,-0.653,-0.757,0,15
1574890597280,62,-0.28,1.54,-0.42,-0.609,-0.794,0.003,15
1574890598282,62,2.52,-0.7,0.91,-0.61,-0.793,0.002,16
1574890599280,62,2.52,-0.7,0.91,-0.61,-0.793,0.002,16
1574890600282,62,1.89,0.07,0.35,-0.611,-0.792,0.002,15
1574890601286,62,-1.05,1.19,-0.35,-0.611,-0.791,0.003,15
1574890602283,62,0.77,-0.42,0.49,-0.611,-0.791,0.003,15
1574890603285,62,0.21,0.56,0.28,-0.611,-0.791,0.003,15
1574890604274,62,-2.52,0.42,-0.14,-0.61,-0.792,0.008,15
1574890605282,62,-6.72,1.61,2.45,-0.61,-0.792,0.004,15
1574890606286,62,-34.72,-9.17,-2.24,-0.648,-0.762,0,14
1574890607279,62,-34.72,-9.17,-2.24,-0.648,-0.762,0,14
1574890608307,62,9.45,-8.47,-11.27,-0.61,-0.792,0.012,11
1574890609279,62,-7.21,1.61,-0.7,-0.616,-0.788,0.003,13
1574890610284,62,0.14,0.77,0.14,-0.618,-0.786,0.002,14
1574890611280,62,1.82,0.07,0.91,-0.617,-0.787,0.002,15
1574890612285,62,0.56,0.98,-0.07,-0.618,-0.786,0.003,15
1574890613279,62,14.56,2.45,0.14,-0.618,-0.786,0.002,15
1574890614284,62,-6.72,0.63,0.49,-0.619,-0.786,0.003,13
1574890615280,62,1.19,1.75,0.14,-0.651,-0.759,0.001,15
1574890616280,62,0.21,0.14,0.14,-0.618,-0.786,0.002,15
1574890617283,62,0.21,0.14,0.14,-0.618,-0.786,0.002,15
1574890618281,62,0.77,0.42,0.21,-0.618,-0.786,0.002,15
1574890619279,62,0.14,0.49,0.14,-0.617,-0.787,0.002,15
1574890620280,62,-8.05,-10.01,-3.57,0.648,0.761,-0.001,15
1574890621282,62,-0.7,0.56,0.14,-0.618,-0.786,0.002,15
1574890622286,62,-0.07,0.84,0.07,-0.618,-0.787,0.002,15
1574890623279,62,-0.07,0.84,0.07,-0.618,-0.787,0.002,15
1574890624283,62,-0.14,0.42,0.21,-0.617,-0.787,0.002,15
1574890625299,0,0.42,0.63,0.14,-0.617,-0.787,0.003,15
1574890626296,0,0.77,0.28,0.21,-0.617,-0.787,0.003,15
1574890627277,0,0.77,0.28,0.21,-0.617,-0.787,0.003,15
1574890628282,0,0.28,0.49,0.14,-0.616,-0.788,0.003,15
1574890629281,0,0.28,0.14,0.21,-0.616,-0.788,0.003,15
1574890630282,0,-4.83,3.08,-2.24,-0.615,-0.788,0.004,15
1574890631281,0,-0.63,0.07,-0.98,-0.644,-0.765,0.001,15
1574890632281,0,-0.07,0.56,0.14,-0.616,-0.788,0.002,15
1574890633287,0,0.21,0.35,0.14,-0.616,-0.788,0.002,15
1574890634282,0,0.14,0.56,-0.07,-0.615,-0.788,0.002,15
1574890635287,0,-14,-9.66,5.67,0.615,0.788,0.002,15
1574890636288,0,-0.91,-3.22,2.66,-0.641,-0.767,0.001,14
1574890637282,0,-5.46,-4.27,-0.21,-0.641,-0.767,0.001,14
1574890638282,0,-0.07,0.77,-0.14,-0.614,-0.789,0.002,14
1574890639288,0,6.3,3.01,0.28,-0.639,-0.769,0,14
1574890640274,0,9.1,2.87,-0.42,-0.638,-0.77,0.001,14
1574890641283,0,18.13,5.32,2.17,-0.638,-0.77,0,14
1574890642280,0,7.63,4.06,-1.61,-0.612,-0.791,0.007,14
1574890643283,0,33.04,13.79,-3.43,-0.634,-0.773,0,15
1574890644281,0,2.87,0.63,0.21,-0.609,-0.793,0.002,15
1574890645277,0,2.87,0.63,0.21,-0.609,-0.793,0.002,15
1574890646295,0,0.35,0.63,0.07,-0.608,-0.794,0.003,15
1574890647287,0,-8.82,-7.98,6.3,-0.613,-0.79,0.005,13
1574890648298,0,0.35,0.49,0.07,-0.634,-0.774,0.001,14
1574890649274,0,0.35,0.49,0.07,-0.634,-0.774,0.001,14
1574890650282,72,7,1.47,3.08,-0.633,-0.774,0.001,14
1574890651284,75,0.56,0.77,0.14,-0.609,-0.793,0.001,14
1574890652281,77,0.28,0.84,-0.07,-0.609,-0.793,0.001,14
1574890653280,77,0.7,0.77,0.07,-0.608,-0.794,0.002,14
1574890654299,75,-0.14,0.21,0.14,-0.607,-0.794,0.002,14
1574890655280,73,-0.14,0.21,0.14,-0.607,-0.794,0.002,15
1574890656280,73,0.07,0.28,0.35,-0.605,-0.796,0.002,14
1574890657284,73,1.05,1.33,0.56,-0.626,-0.779,0.001,15
1574890658283,73,-0.56,1.61,4.41,-0.605,-0.796,0.002,15
1574890659280,73,-0.56,1.61,4.41,-0.605,-0.796,0.002,15
1574890660282,73,-2.73,-1.82,0.56,-0.603,-0.797,0.001,15
1574890661282,73,-0.14,0.91,-0.14,-0.603,-0.798,0.002,15
1574890662280,73,0.21,0.21,0.14,-0.602,-0.799,0.002,15
1574890663279,73,0.21,0.21,0.14,-0.602,-0.799,0.002,15
1574890664279,73,5.6,3.36,-0.91,-0.601,-0.799,0.003,15
1574890665280,73,0.14,0.28,0.28,-0.601,-0.799,0.002,15
1574890666280,73,0.21,0.63,0.07,-0.6,-0.8,0.002,15
1574890667278,73,0.63,0.84,0.07,-0.599,-0.8,0.002,15
1574890668279,73,1.47,2.17,-0.77,-0.6,-0.8,0.002,15
1574890669279,73,-0.07,0.49,0.21,-0.6,-0.8,0.002,15
1574890670281,73,-0.14,0.35,0.07,-0.6,-0.8,0.002,11
1574890671276,73,-0.14,0.35,0.07,-0.6,-0.8,0.002,11
1574890672283,73,10.43,3.92,-3.22,-0.615,-0.789,0,11
1574890673281,73,7.49,14.91,5.11,0.598,0.802,0.008,10
1574890674281,73,0.7,0.84,-0.28,-0.599,-0.801,0.002,15
1574890675286,73,0.28,0.49,0.21,-0.598,-0.801,0.002,15
1574890676279,73,0.49,0.63,0.07,-0.597,-0.802,0.002,15
1574890677282,73,0.28,0.49,0.14,-0.597,-0.802,0.002,15
1574890678280,73,0.49,0.49,0.14,-0.596,-0.803,0.002,15
1574890679282,73,0.49,0.63,0.14,-0.595,-0.803,0.002,15
1574890680285,73,0.42,0.56,0.07,-0.595,-0.804,0.002,15
1574890681278,73,0.42,0.56,0.07,-0.595,-0.804,0.002,15
1574890682285,73,0.56,0.7,0.07,-0.593,-0.805,0.002,15
1574890683279,73,0.49,0.7,-0.07,-0.593,-0.805,0.002,15
1574890684281,73,0.28,0.28,0.14,-0.592,-0.806,0.002,15
1574890685291,0,0.7,0.49,0.14,-0.591,-0.806,0.002,15
1574890686295,0,0.35,0.35,0.14,-0.591,-0.807,0.002,15
1574890687280,0,0.35,0.35,0.14,-0.591,-0.807,0.002,15
1574890688287,0,0.84,0.63,0.07,-0.589,-0.808,0.002,15
1574890689287,0,0.63,0.35,0.14,-0.589,-0.808,0.002,15
1574890690284,0,0.42,0.63,0.14,-0.588,-0.809,0.002,15
1574890691281,0,0.49,0.56,0.07,-0.587,-0.81,0.002,15
1574890692282,0,0.28,0.63,0.07,-0.586,-0.81,0.002,15
1574890693284,0,0.63,0.7,0.07,-0.586,-0.811,0.003,15
1574890694284,66,0.49,0.49,0.14,-0.585,-0.811,0.002,15
1574890695283,65,0.49,0.49,0.14,-0.585,-0.811,0.002,15
1574890696280,63,0.42,0.63,0.14,-0.583,-0.812,0.002,15
1574890697280,62,1.4,0.84,-0.14,-0.583,-0.813,0.002,15
1574890698281,60,2.38,0.77,0.07,-0.582,-0.813,0.002,15
1574890699283,58,-5.74,-4.41,1.19,-0.581,-0.814,0.005,15
1574890700285,60,-2.03,-2.45,-5.11,-0.582,-0.813,0.026,14
1574890701275,62,-2.03,-2.45,-5.11,-0.582,-0.813,0.026,14
1574890702296,60,11.06,2.87,-2.38,-0.581,-0.814,0.004,12
1574890703290,59,2.1,1.05,-1.47,-0.586,-0.81,0,12
1574890704286,62,14,-1.89,0.35,-0.58,-0.815,0.003,11
1574890705292,64,0.28,0.35,0.21,-0.582,-0.813,0.001,12
1574890706286,65,5.67,-10.71,-1.19,-0.578,-0.815,0.033,12
1574890707300,65,3.29,1.12,-0.14,-0.579,-0.815,0.001,13
1574890708295,64,-0.21,0.77,-0.7,-0.575,-0.818,0.001,14
1574890709278,64,-0.21,0.77,-0.7,-0.575,-0.818,0.001,14
1574890710284,62,0.28,0.35,-0.07,-0.573,-0.82,0.002,13
1574890711283,62,0.7,0.56,0.14,-0.572,-0.82,0.002,14
1574890712286,63,0.07,-0.14,0.35,-0.571,-0.821,0.001,14
1574890713273,63,0.07,-0.14,0.35,-0.571,-0.821,0.001,14
1574890714308,62,3.36,0.63,0.63,-0.569,-0.822,0.002,14
1574890715278,62,0.28,0.28,0.07,-0.568,-0.823,0.001,14
1574890716280,62,-0.49,1.96,0.14,-0.567,-0.823,0.001,14
1574890717281,62,6.16,-1.19,0.98,-0.566,-0.824,0,14
1574890718285,62,-1.33,-0.77,0.98,-0.564,-0.826,0.001,14
1574890719282,62,-1.33,-0.77,0.98,-0.564,-0.826,0.001,14
1574890720284,62,0.42,0.42,-0.07,-0.561,-0.828,0.002,15
1574890721284,62,0.98,0.63,0.07,-0.561,-0.828,0.002,14
1574890722280,62,0.49,0.7,0.14,-0.559,-0.829,0.002,14
1574890723284,62,0.35,0.63,0.14,-0.558,-0.83,0.002,14
1574890724283,62,0.56,0.35,0.28,-0.556,-0.831,0.002,14
1574890725280,62,0.49,0.49,0.07,-0.555,-0.832,0.002,15
1574890726282,62,0.63,0.42,0.14,-0.554,-0.833,0.002,14
1574890727284,62,150.5,5.25,-38.99,-0.563,-0.826,-0.001,14
1574890728282,62,-4.2,-2.87,-7.35,-0.619,-0.785,0.008,8
1574890729281,62,-1.54,-1.54,-0.07,-0.617,-0.786,0.02,8
1574890730279,62,-107.17,3.22,14,-0.577,-0.817,0.002,7
1574890731284,62,-10.36,0.07,-1.68,-0.568,-0.823,0.004,15
1574890732280,62,4.06,1.19,-0.14,-0.577,-0.817,0.006,19
1574890733280,62,4.06,1.19,-0.14,-0.577,-0.817,0.006,19
1574890734279,62,1.61,1.12,-10.92,-0.58,-0.815,0.01,18
1574890735278,62,-4.55,3.5,-2.87,-0.571,-0.821,0.001,15
1574890736283,62,13.79,5.74,0.07,-0.581,-0.814,-0.002,15
1574890737284,62,-8.47,1.33,1.61,-0.581,-0.814,-0.002,12
1574890738281,62,-0.42,0.14,0.21,-0.58,-0.815,0,13
1574890739285,62,0.21,0.56,0.14,-0.579,-0.815,0,13
1574890740279,62,0.77,0.56,0.21,-0.578,-0.816,0,13
1574890741278,62,0.63,0.7,0.07,-0.577,-0.817,0,13
1574890742280,62,0.28,0.49,0.07,-0.576,-0.818,0,13
1574890743280,62,0.28,0.49,0.07,-0.576,-0.818,0,13
1574890744279,62,0.56,0.91,-0.07,-0.574,-0.819,0,13
1574890745285,0,1.05,0.63,0.07,-0.573,-0.82,0,13
1574890746281,0,0.14,0.35,0.14,-0.571,-0.821,0,13
1574890747282,0,0.35,0.49,0.07,-0.57,-0.821,0,13
1574890748286,0,0.56,0.7,0.07,-0.569,-0.822,0,13
1574890749281,0,0.56,0.7,0.07,-0.569,-0.822,0,13
1574890750284,0,1.75,0.35,0.56,-0.566,-0.824,0,13
1574890751286,0,23.17,0.84,1.61,-0.567,-0.824,0,13
1574890752285,0,15.68,-2.31,-0.14,-0.567,-0.824,-0.002,13
1574890753281,0,4.06,-3.71,2.59,-0.568,-0.823,0,14
1574890754282,0,0.28,0.49,0.35,-0.549,-0.836,0.001,15
1574890755286,0,0.49,1.12,0.91,-0.547,-0.837,0.001,15
1574890756282,0,-9.52,-1.33,2.87,-0.564,-0.826,0,14
1574890757284,0,-2.31,0.98,-0.07,-0.544,-0.839,0.001,15
1574890758285,0,0.98,1.47,0.56,-0.54,-0.842,0.001,14
1574890759279,0,0.98,1.47,0.56,-0.54,-0.842,0.001,14
1574890760280,0,17.71,1.68,-3.57,0.537,0.843,0.001,16
1574890761282,0,-15.96,-1.33,1.33,-0.538,-0.843,0,13
1574890762278,0,0.21,0.49,0.21,-0.536,-0.844,0,15
1574890763282,0,-17.99,-4.97,2.94,-0.555,-0.832,0.001,15
1574890764286,0,-41.37,-5.6,-4.69,-0.53,-0.848,0,12
1574890765283,0,-41.37,-5.6,-4.69,-0.53,-0.848,0,17
1574890766282,0,0.14,0.07,-0.07,-0.531,-0.848,0.001,17
1574890767284,0,0.63,0.77,0.07,-0.529,-0.849,0,17
1574890768280,0,0.35,0.7,0.07,-0.527,-0.85,0.001,17
1574890769287,0,0.42,0.56,0.07,-0.525,-0.851,0.001,17
1574890770284,69,0.56,0.56,0.07,-0.523,-0.852,0.001,18
1574890771287,67,0.56,0.49,0.07,-0.521,-0.853,0.001,18
1574890772296,66,1.12,0.7,0.14,-0.52,-0.854,0.001,17
1574890773282,65,1.12,0.7,0.14,-0.52,-0.854,0.001,17
1574890774308,63,0.63,0.56,0.14,-0.516,-0.857,0.001,18
1574890775278,63,0.56,0.56,0.07,-0.514,-0.858,0.001,17
1574890776280,63,0.49,0.77,0.07,-0.512,-0.859,0.001,17
1574890777284,63,0.77,0.7,0.07,-0.51,-0.86,0.001,17
1574890778282,63,0.56,0.49,0.14,-0.509,-0.861,0.001,17
1574890779279,63,0.56,0.49,0.14,-0.509,-0.861,0.001,17
1574890780281,63,0.7,0.63,0.07,-0.505,-0.863,0.001,18
1574890781285,63,0.63,0.56,0.14,-0.503,-0.864,0.001,18
1574890782282,63,0.63,0.77,0.07,-0.501,-0.865,0.001,18
1574890783281,63,-0.42,0.91,0.07,-0.499,-0.866,0,18
1574890784280,63,0.7,0.56,0.07,-0.497,-0.868,0.001,18
1574890785279,63,-0.84,1.4,0.56,-0.495,-0.869,0.001,18
1574890786285,63,0.7,0.56,0.07,-0.493,-0.87,0,18
1574890787278,63,0.7,0.56,0.07,-0.493,-0.87,0,17
1574890788280,63,-26.6,-6.65,6.16,-0.485,-0.874,0.001,14
1574890789285,63,-0.07,0.35,0.14,-0.488,-0.873,0.002,19
1574890790286,63,0.42,0.28,0.07,-0.486,-0.874,0.002,19
1574890791281,63,0.35,0.42,0.07,-0.485,-0.875,0.003,17
1574890792282,63,0.84,0.63,0.14,-0.483,-0.876,0.003,17
1574890793282,63,-0.28,0.42,0.14,-0.481,-0.877,0.002,18
1574890794285,63,0.28,0.63,0.14,-0.479,-0.878,0.002,18
1574890795281,63,0.35,0.7,0.07,-0.477,-0.879,0.003,18
1574890796280,63,0.21,0.49,0.07,-0.476,-0.88,0.003,18
1574890797285,63,0.49,0.49,0.14,-0.474,-0.881,0.003,18
1574890798279,63,0.63,0.42,0.14,-0.472,-0.882,0.003,18
1574890799279,63,0.7,0.7,0.07,-0.47,-0.883,0.003,18
1574890800280,63,0.49,0.49,0.14,-0.468,-0.884,0.003,18
1574890801287,63,0.63,0.49,0.14,-0.466,-0.885,0.003,19
1574890802286,63,0.63,0.49,0.07,-0.464,-0.886,0.003,19
1574890803284,63,0.63,0.49,0.07,-0.464,-0.886,0.003,19
1574890804283,63,0.77,0.7,0.07,-0.46,-0.888,0.003,19
1574890805282,0,0.77,0.56,0.07,-0.458,-0.889,0.003,19
1574890806282,0,0.35,0.49,0.07,-0.456,-0.89,0.003,19
1574890807283,0,0.35,0.49,0.14,-0.454,-0.891,0.003,19
1574890808284,0,0.21,0.56,0.07,-0.452,-0.892,0.003,19
1574890809281,0,0.56,0.56,0.14,-0.45,-0.893,0.003,19
1574890810285,0,0.35,0.49,0.21,-0.448,-0.894,0.003,19
1574890811287,0,0.56,0.42,0.07,-0.446,-0.895,0.003,18
1574890812282,0,0.56,0.49,0.14,-0.444,-0.896,0.003,18
1574890813285,55,0.42,0.56,0.07,-0.442,-0.897,0.003,18
1574890814281,54,0.56,0.63,0.07,-0.44,-0.898,0.003,18
1574890815285,54,0.49,0.56,0.07,-0.438,-0.899,0.003,18
1574890816283,54,0.28,0.49,0.14,-0.436,-0.9,0.003,18
1574890817284,54,0.63,0.63,0.14,-0.434,-0.901,0.003,18
1574890818283,54,0.49,0.7,0.07,-0.432,-0.902,0.003,18
1574890819277,54,0.49,0.7,0.07,-0.432,-0.902,0.003,18
1574890820283,54,0.49,0.56,0.14,-0.428,-0.904,0.003,18
1574890821284,56,0.49,0.63,0.07,-0.426,-0.905,0.003,18
1574890822282,57,0.49,0.7,0.07,-0.424,-0.906,0.003,18
1574890823282,58,0.35,0.56,0.07,-0.422,-0.907,0.002,18
1574890824281,59,-0.07,0.35,0.07,-0.42,-0.908,0.003,18
1574890825280,59,0.42,0.56,0.07,-0.418,-0.909,0.003,18
1574890826282,60,0.28,0.42,0.07,-0.416,-0.91,0.004,18
1574890827286,60,0.56,0.49,0.07,-0.414,-0.91,0.003,18
1574890828286,59,1.47,-0.28,-0.14,-0.411,-0.911,0.003,18
1574890829297,59,0.21,0.28,0.14,-0.409,-0.912,0.003,18
1574890830282,59,0.63,0.63,0.07,-0.407,-0.913,0.003,17
1574890831284,59,0.42,0.56,0.07,-0.405,-0.914,0.003,17
1574890832284,60,0.49,0.63,0.07,-0.403,-0.915,0.003,18
1574890833284,62,0.42,0.49,0.07,-0.401,-0.916,0.003,17
1574890834307,63,0.63,0.63,0.07,-0.399,-0.917,0.003,17
1574890835282,62,0.63,0.63,0.07,-0.399,-0.917,0.003,17
1574890836279,62,2.24,0.7,0.07,-0.394,-0.919,0.002,17
1574890837286,62,-0.98,0.56,0.14,-0.393,-0.92,0.003,18
1574890838278,62,0.7,0.63,0.14,-0.39,-0.921,0.003,18
1574890839280,62,0.49,0.56,0.14,-0.388,-0.921,0.003,17
1574890840283,62,0.49,0.84,0.07,-0.386,-0.922,0.003,18
1574890841286,62,0.49,0.84,0.07,-0.386,-0.922,0.003,18
1574890842280,62,0.7,0.63,0.14,-0.382,-0.924,0.003,18
1574890843285,62,0.56,0.63,0.14,-0.38,-0.925,0.003,18
1574890844280,62,0.35,0.63,0.07,-0.378,-0.926,0.003,17
1574890845280,62,7.21,5.6,0.28,-0.375,-0.927,0.001,17
1574890846281,62,21.56,12.25,2.31,-0.424,-0.905,-0.011,10
1574890847281,62,46.2,12.53,-0.14,-0.42,-0.907,-0.016,10
1574890848279,62,17.22,12.88,-5.39,-0.42,-0.908,0,10
1574890849276,62,17.22,12.88,-5.39,-0.42,-0.908,0,10
1574890850280,62,-2.17,-0.07,0.28,-0.414,-0.91,0,10
1574890851281,62,-0.28,0.49,0.07,-0.412,-0.911,0,11
1574890852282,62,-0.7,-1.68,-1.68,-0.413,-0.911,0,10
1574890853277,62,-22.12,4.76,2.1,0.341,0.94,0.008,10
1574890854284,62,-13.44,-6.44,-0.56,-0.406,-0.914,-0.001,10
1574890855283,62,16.24,2.24,-1.12,-0.403,-0.915,0,11
1574890856280,62,21.7,6.58,6.09,-0.402,-0.915,-0.006,10
1574890857279,62,-2.52,-0.42,1.12,-0.399,-0.917,0,10
1574890858279,62,7.14,4.76,-2.1,-0.398,-0.917,-0.001,11
1574890859282,62,-8.96,-2.8,-0.49,0.326,0.945,0,10
1574890860281,62,3.64,5.25,2.31,0.323,0.946,0.006,10
1574890861277,62,3.64,5.25,2.31,0.323,0.946,0.006,10
1574890862286,62,22.75,9.94,1.54,-0.391,-0.92,-0.005,10
1574890863279,62,-0.91,2.1,0.42,-0.388,-0.922,-0.001,10
1574890864283,62,8.89,0.98,-1.26,-0.385,-0.923,0,11
1574890865285,0,-3.78,0.56,1.4,-0.32,-0.947,0.001,12
1574890866289,0,-1.96,-1.47,-0.28,-0.32,-0.947,0.002,13
1574890867279,0,-1.96,-1.47,-0.28,-0.32,-0.947,0.002,15
1574890868280,0,0.7,0.49,0.14,-0.323,-0.947,0.003,17
1574890869280,0,0.35,0.63,0.14,-0.321,-0.947,0.002,15
1574890870282,0,0.35,0.56,0.07,-0.319,-0.948,0.002,15
1574890871285,0,0.07,0.49,0.07,-0.316,-0.949,0.002,17
1574890872280,0,0.7,0.56,0.14,-0.314,-0.949,0.002,17
1574890873286,0,0.56,0.7,0.07,-0.312,-0.95,0.002,17
1574890874281,0,1.05,0.49,0.07,-0.31,-0.951,0.002,17
1574890875282,0,1.05,0.49,0.07,-0.31,-0.951,0.002,17
1574890876281,0,4.55,-0.63,0.42,-0.305,-0.952,0.002,17
1574890877281,0,-86.1,-7.28,2.17,-0.286,-0.958,0.006,7
1574890878281,0,1.47,0.63,0.21,-0.36,-0.933,0.001,10
1574890879283,0,0.63,0.63,0.28,-0.357,-0.934,0,11
1574890880283,0,-0.21,0.7,0.07,-0.355,-0.935,0,11
1574890881287,0,0.28,0.56,0.07,-0.352,-0.936,0.001,11
1574890882281,0,0.07,0.7,0.07,-0.35,-0.937,0,11
1574890883286,0,0.42,-0.28,0.98,-0.347,-0.938,0.001,11
1574890884281,0,7.49,-0.7,1.54,-0.345,-0.939,0.002,11
1574890885285,0,3.08,0.14,0.49,-0.342,-0.94,0.001,10
1574890886286,68,1.4,0.63,0.14,-0.34,-0.94,0.001,11
1574890887284,68,1.4,0.63,0.14,-0.34,-0.94,0.001,11
1574890888286,66,-0.56,0.63,0.07,-0.336,-0.942,0.001,11
1574890889285,65,0.49,0.7,0.07,-0.333,-0.943,0,11
1574890890282,65,0.49,0.63,0.07,-0.331,-0.944,0.001,11
1574890891296,64,0.56,0.56,0.14,-0.328,-0.945,0.001,11
1574890892293,62,0.77,0.49,0.14,-0.326,-0.945,0.001,12
1574890893282,61,0.77,0.49,0.14,-0.326,-0.945,0.001,12
1574890894299,60,0.84,0.63,0.14,-0.321,-0.947,0,11
1574890895283,60,0.77,0.63,0.07,-0.319,-0.948,0.001,11
1574890896280,60,0.56,0.56,0.14,-0.316,-0.949,0,11
1574890897282,60,0.49,0.56,0.07,-0.314,-0.95,0.001,12
1574890898283,60,0.56,0.56,0.07,-0.311,-0.95,0.001,11
1574890899279,60,0.63,0.56,0.14,-0.309,-0.951,0,12
1574890900283,60,0.14,0.56,0.07,-0.306,-0.952,0,12
1574890901283,60,0.77,0.49,0.14,-0.304,-0.953,0,12
1574890902280,60,-0.07,0.35,0.14,-0.301,-0.953,0.001,12
1574890903286,60,-0.98,0.63,-0.07,-0.299,-0.954,0.001,12
1574890904282,60,0.7,0.56,0.07,-0.296,-0.955,0,12
1574890905280,60,0.77,0.42,0.14,-0.294,-0.956,0,12
1574890906285,60,0.63,0.56,0.14,-0.291,-0.957,0.001,11
1574890907286,60,0.63,0.56,0.14,-0.291,-0.957,0.001,11
1574890908277,60,0.56,0.56,0.07,-0.286,-0.958,0,11
1574890909279,60,0.35,0.56,0.07,-0.284,-0.959,0,10
1574890910287,60,0.35,0.63,0.07,-0.281,-0.96,0,11
1574890911281,60,0.35,0.63,0.07,-0.281,-0.96,0,11
1574890912279,60,0.56,0.7,0.07,-0.276,-0.961,0,11
1574890913280,60,0.84,0.56,0.14,-0.274,-0.962,0.001,11
1574890914282,60,0.7,0.63,0.07,-0.271,-0.963,0.001,11
1574890915282,60,0.56,0.63,0.07,-0.269,-0.963,0,10
1574890916285,60,1.05,0.42,0.14,-0.266,-0.964,0,10
1574890917279,60,1.05,0.42,0.14,-0.266,-0.964,0,10
1574890934489,60,0.14,0.56,0.35,-0.28,-0.959,0.021,30
1574890935492,60,0.14,0.56,0.35,-0.28,-0.959,0.021,30
1574890936489,0,6.58,1.4,-2.73,-0.275,-0.961,0.017,30
1574890937490,0,6.58,1.4,-2.73,-0.275,-0.961,0.017,30
1574890938492,0,4.48,1.4,-1.33,-0.27,-0.962,0.017,28
1574890939493,0,0.56,0.63,0.35,-0.269,-0.962,0.018,28
1574890940491,0,0.63,0.77,0.56,-0.265,-0.964,0.019,28
1574890941494,0,1.82,1.4,0.28,-0.261,-0.965,0.017,25
1574890942490,0,0.42,-0.14,-0.14,-0.259,-0.965,0.018,25
1574890943487,0,0.42,-0.14,-0.14,-0.259,-0.965,0.018,25
1574890944491,0,0.07,0.7,0.21,-0.254,-0.967,0.017,25
1574890945491,0,1.19,0.7,-0.07,-0.251,-0.967,0.017,25
1574890946506,67,0.98,0.7,-0.07,-0.248,-0.968,0.016,25
1574890947487,67,0.98,0.7,-0.07,-0.248,-0.968,0.016,25
1574890948489,66,1.12,0.42,-0.14,-0.243,-0.969,0.016,28
1574890949490,64,0.63,0.63,-0.07,-0.24,-0.97,0.017,28
1574890950492,63,0.28,0.42,0.35,-0.238,-0.971,0.016,28
1574890951489,61,0.28,0.42,0.35,-0.238,-0.971,0.016,28
1574890952493,59,1.26,0.35,-0.35,-0.232,-0.972,0.017,28
1574890953494,59,2.52,1.68,0.7,-0.231,-0.972,0.018,28
1574890954488,59,-4.62,-2.1,-0.21,-0.226,-0.974,0.014,27
1574890955489,61,-1.12,0.07,0.77,-0.223,-0.974,0.014,27
1574890956491,62,5.46,2.17,-0.63,-0.222,-0.975,0.012,28
1574890957489,64,5.46,2.17,-0.63,-0.222,-0.975,0.012,28
1574890958490,63,-0.21,0.07,0.35,-0.216,-0.976,0.017,28
1574890959492,65,-0.49,0.49,0.42,-0.213,-0.976,0.016,27
1574890960489,64,-0.35,0.56,0.14,-0.211,-0.977,0.016,20
1574890961492,62,-0.49,0.35,0.7,-0.208,-0.978,0.015,20
1574890962491,60,0.14,21.84,16.94,0.141,0.99,0,3
1574890963495,62,-3.99,1.75,-1.33,-0.198,-0.98,0.001,10
1574890964496,64,0.91,0.98,-0.49,-0.197,-0.98,0.001,7
1574890965484,65,0.91,0.98,-0.49,-0.197,-0.98,0.001,7
1574890966487,66,-0.14,0.84,-0.14,-0.191,-0.982,0.001,8
1574890967491,66,0.91,0.42,0.14,-0.188,-0.982,0.001,8
1574890968492,66,0.84,0.28,0.14,-0.186,-0.983,0.001,5
1574890969491,66,0.35,0.77,-0.07,-0.183,-0.983,0.001,5
1574890970493,66,-0.42,0.7,-0.07,-0.18,-0.984,0.001,5
1574890971487,66,0.28,0.35,0.07,-0.178,-0.984,0.001,5
1574890972499,66,0.56,0.63,0.14,-0.175,-0.984,0.001,5
1574890973487,66,0.56,0.63,0.14,-0.175,-0.984,0.001,5
1574890974491,66,0.98,0.49,0.14,-0.17,-0.985,0.001,5
1574890975500,66,0.35,0.63,0.07,-0.168,-0.986,0.001,5
1574890976493,66,1.54,0.56,0.28,-0.165,-0.986,0.001,5
1574890977490,66,0.35,0.42,0.07,-0.163,-0.987,0.001,5
1574890978487,66,0.56,0.56,0.07,-0.16,-0.987,0.001,5
1574890979491,66,0.77,0.49,0.21,-0.158,-0.987,0.001,5
1574890980487,66,0.56,0.56,0.14,-0.155,-0.988,0.001,5
1574890981490,66,0.49,0.63,0.07,-0.153,-0.988,0.001,5
1574890982492,66,0.35,0.56,0.07,-0.15,-0.989,0.001,5
1574890983490,66,0.35,0.56,0.07,-0.15,-0.989,0.001,5
1574890984490,66,-0.14,0.42,0.07,-0.145,-0.989,0.001,5
1574890985493,66,2.59,0.56,0.42,-0.143,-0.99,0.001,5
1574890986491,66,0.42,0.49,0.14,-0.14,-0.99,0.001,5
1574890987489,66,0.28,0.56,0.07,-0.138,-0.99,0.001,5
1574890988488,66,0.07,0.56,0.07,-0.136,-0.991,0.001,5
1574890989493,66,0.49,0.56,0.14,-0.133,-0.991,0.001,5
1574890990490,66,-0.28,0.35,-0.14,-0.131,-0.991,0.001,5
1574890991487,66,-0.28,0.35,-0.14,-0.131,-0.991,0.001,5
1574890992487,66,0.49,0.7,0.07,-0.126,-0.992,0.001,5
1574890993488,66,0.35,0.63,0.07,-0.123,-0.992,0.001,5
1574890994489,66,0.7,0.56,0.14,-0.121,-0.993,0.001,5
1574890995489,66,0.7,0.56,0.14,-0.121,-0.993,0.001,5
1574890996503,0,0.63,0.63,0.07,-0.116,-0.993,0.001,5
1574890997493,0,0.49,0.63,0.07,-0.114,-0.994,0.001,5
1574890998492,0,0.56,0.56,0.14,-0.111,-0.994,0.001,5
1574890999491,0,0.7,0.49,0.07,-0.109,-0.994,0.001,5
1574891000502,0,-11.34,-13.3,35.28,0.095,0.995,0.023,5
1574891001485,0,-11.34,-13.3,35.28,0.095,0.995,0.023,5
1574891002491,0,5.6,0.84,-0.42,-0.092,-0.996,0.002,8
1574891003495,0,1.12,1.12,0.14,-0.092,-0.996,0.001,7
1574891004490,0,-0.49,0.42,0.28,-0.096,-0.995,0.001,5
1574891005490,0,20.79,8.82,-3.57,-0.091,-0.996,0.004,5
1574891006491,0,-13.37,-3.78,-4.69,-0.087,-0.996,0.001,4
1574891007492,0,-13.37,-3.78,-4.69,-0.087,-0.996,0.001,4
1574891008489,0,0.7,0.63,-0.21,-0.083,-0.997,0.001,5
1574891009494,0,0.14,0.7,0.14,-0.081,-0.997,0.001,5
1574891010489,0,0.7,0.7,0.21,-0.08,-0.997,0.001,5
1574891011490,0,-0.07,0.56,0.07,-0.079,-0.997,0.001,4
1574891012491,0,0.14,0.84,0.14,-0.078,-0.997,0.001,5
1574891013487,0,0.14,0.84,0.14,-0.078,-0.997,0.001,5
1574891014501,57,0.35,0.63,0.14,-0.076,-0.997,0.001,12
1574891015498,56,0.63,0.63,0.07,-0.075,-0.997,0.001,12
1574891016500,55,1.05,0.56,0.21,-0.074,-0.997,0.001,12
1574891017490,53,1.12,0.7,0.14,-0.073,-0.997,0.001,12
1574891018492,53,1.05,0.63,0.14,-0.072,-0.997,0.001,12
1574891019490,52,0.21,0.63,0.07,-0.072,-0.997,0.001,12
1574891020496,51,0.42,0.7,0.07,-0.071,-0.997,0.001,12
1574891021488,51,0.42,0.7,0.07,-0.071,-0.997,0.001,12
1574891022489,51,0.49,0.56,0.07,-0.069,-0.998,0.001,12
1574891023491,52,0.63,0.56,0.14,-0.068,-0.998,0.001,12
1574891024493,52,0.56,0.63,0.07,-0.067,-0.998,0.001,12
1574891025495,52,0.77,0.7,0.14,-0.066,-0.998,0.001,10
1574891026489,53,0.63,0.63,0.07,-0.066,-0.998,0.001,10
1574891027494,53,0.14,0.56,0.07,-0.065,-0.998,0.001,10
1574891028491,53,0.56,0.49,0.14,-0.064,-0.998,0.001,10
1574891029489,53,0.56,0.49,0.14,-0.064,-0.998,0.001,10
1574891030491,53,0.42,0.56,0.07,-0.063,-0.998,0.001,10
1574891031490,53,0.63,0.56,0.07,-0.062,-0.998,0.001,10
1574891032490,53,0.56,0.63,0.07,-0.061,-0.998,0.001,10
1574891033493,53,0.56,0.63,0.07,-0.061,-0.998,0.001,12
1574891034488,53,0.63,0.63,0.14,-0.06,-0.998,0.001,12
1574891035491,53,0.49,0.42,0.14,-0.059,-0.998,0.001,12
1574891036489,53,0.77,0.56,0.14,-0.058,-0.998,0.001,12
1574891037494,53,0.56,0.49,0.14,-0.058,-0.998,0.001,12
1574891038493,53,0.49,0.63,0.07,-0.057,-0.998,0.001,12
1574891039490,53,0.49,0.63,0.07,-0.057,-0.998,0.001,12
1574891040490,53,0.56,0.56,0.07,-0.056,-0.998,0.001,12
1574891041491,53,0.63,0.56,0.07,-0.055,-0.998,0.001,12
1574891042490,53,0.21,0.56,0.07,-0.054,-0.999,0.001,12
1574891043491,53,0.56,0.56,0.14,-0.054,-0.999,0.001,12
1574891044488,53,0.49,0.49,0.14,-0.053,-0.999,0.001,5
1574891045490,53,0.49,0.49,0.14,-0.053,-0.999,0.001,5
1574891046522,53,-0.07,0.56,0.07,-0.052,-0.999,0.001,10
1574891047493,53,0.49,0.56,0.14,-0.052,-0.999,0.001,10
1574891048486,53,0.21,0.56,0.07,-0.051,-0.999,0.001,10
1574891049489,53,0.07,0.56,0.07,-0.05,-0.999,0.001,10
1574891050488,53,0.28,0.56,0.07,-0.05,-0.999,0.001,10
1574891051494,53,0.28,0.56,0.07,-0.05,-0.999,0.001,10
1574891052493,53,0.28,0.49,0.14,-0.049,-0.999,0.001,10
1574891053489,53,0.35,0.63,0.07,-0.048,-0.999,0.001,11
1574891054490,53,0.28,0.63,0.07,-0.048,-0.999,0.001,10
1574891055492,53,0.7,0.63,0.07,-0.047,-0.999,0.001,11
1574891056495,0,0.77,0.56,0.07,-0.047,-0.999,0.001,12
1574891057488,0,0.98,0.7,0.14,-0.047,-0.999,0.001,11
1574891058494,0,0.91,0.63,0.14,-0.046,-0.999,0.001,11
1574891059490,0,0.28,0.7,0.07,-0.046,-0.999,0.001,11
1574891060490,0,0.7,0.42,0.14,-0.045,-0.999,0.001,10
1574891061489,0,-0.21,0.56,0.14,-0.045,-0.999,0.001,12
1574891062494,0,0.77,0.56,0.07,-0.044,-0.999,0.001,12
1574891063491,0,0.77,0.56,0.07,-0.044,-0.999,0.001,12
1574891064493,0,0.14,0.49,0.07,-0.044,-0.999,0.001,12
1574891065489,0,0.63,0.56,0.07,-0.043,-0.999,0.001,12
1574891066493,60,0.42,0.56,0.07,-0.043,-0.999,0.001,12
1574891067495,60,0.56,0.56,0.14,-0.043,-0.999,0.001,12
1574891068490,60,0.35,0.7,0.07,-0.042,-0.999,0.001,12
1574891069494,60,0.7,0.63,0.07,-0.043,-0.999,0.001,12
1574891070492,59,1.26,0.35,0.7,-0.045,-0.999,0.001,12
1574891071487,59,1.26,0.35,0.7,-0.045,-0.999,0.001,12
1574891072497,58,30.52,-7.49,-20.16,-0.042,-0.843,0.043,0
1574891073500,58,-196,42.63,-29.05,0.057,0.824,-0.013,35
1574891074528,59,-23.8,-3.57,-6.23,-0.065,-0.998,0,16
1574891075486,59,-23.8,-3.57,-6.23,-0.065,-0.998,0,16
1574891076520,59,5.18,0.91,2.31,-0.065,0.998,-0.001,27
1574891077619,61,-0.63,0.14,0.14,-0.065,0.998,-0.001,27
1574891078474,62,0.63,0.7,0.21,-0.067,0.998,-0.001,26
1574891079484,64,0.77,0.28,0.42,-0.071,0.997,-0.001,26
1574891080479,64,-25.55,-1.47,-3.43,-0.052,0.998,-0.012,17
1574891081483,66,-0.21,0.49,0.21,-0.063,0.998,-0.003,20
1574891082483,66,-5.04,-0.91,2.1,-0.065,0.998,-0.004,20
1574891083480,67,-5.04,-0.91,2.1,-0.065,0.998,-0.004,20
1574891084480,68,0.28,0.49,0.07,-0.066,0.998,-0.003,21
1574891085513,69,2.59,0.14,-0.35,-0.066,0.998,-0.003,22
1574891086480,71,35,-33.32,19.6,-0.124,-0.992,0.025,12
1574891087479,71,35,-33.32,19.6,-0.124,-0.992,0.025,12
1574891088478,71,0.28,0.49,0.14,0.103,0.995,0,23
1574891089481,71,0.21,0.49,-0.07,0.105,0.994,0,23
1574891090478,71,-19.11,-1.61,17.01,-0.075,0.997,-0.008,20
1574891091478,71,4.41,2.8,0.7,-0.073,0.997,-0.004,25
1574891092480,71,-0.21,1.82,0.84,-0.074,0.997,-0.004,24
1574891093480,71,6.79,-0.63,-0.7,-0.074,0.997,-0.006,24
1574891094480,71,-0.21,0.35,0.07,-0.073,0.997,-0.003,25
1574891095482,71,-0.21,0.35,0.07,-0.073,0.997,-0.003,25
1574891096479,71,1.19,-9.17,0.63,-0.107,0.994,-0.001,23
1574891097478,71,53.27,-20.93,36.33,-0.142,-0.988,0.066,18
1574891098481,71,-5.04,5.39,0.77,-0.09,0.996,0.001,23
1574891099480,71,-68.32,-2.94,-3.64,0.114,-0.993,-0.002,12
1574891100479,71,-1.89,0.7,-0.21,-0.111,0.994,-0.002,18
1574891101478,71,-0.42,0.63,-0.14,0.132,0.991,-0.003,26
1574891102482,71,0.28,0.49,-0.07,0.134,0.991,-0.003,28
1574891103478,71,0.42,0.56,0.07,0.136,0.99,-0.003,28
1574891104480,71,0.42,0.56,-0.07,0.138,0.99,-0.003,28
1574891105478,71,0.84,0.56,0.14,0.139,0.99,-0.003,28
1574891106477,71,0.49,0.49,0.14,0.141,0.99,-0.003,21
1574891107477,71,0.49,0.49,0.14,0.141,0.99,-0.003,21
1574891108481,71,0.49,0.63,0.14,0.144,0.989,-0.003,20
1574891109481,71,2.31,0.42,0.56,0.146,0.989,-0.003,24
1574891110478,71,-25.06,-2.87,3.78,-0.154,0.987,0,27
1574891111477,71,-25.06,-2.87,3.78,-0.154,0.987,0,27
1574891112479,71,0.84,0.84,0.28,-0.154,0.987,0,28
1574891113479,71,0.49,0.63,0.28,-0.154,0.988,-0.001,28
1574891114481,71,0.98,0.49,-0.14,-0.154,0.987,0,24
1574891115480,71,-6.65,-0.21,0.98,-0.145,0.987,0.003,28
1574891116484,0,-0.14,1.4,0.63,-0.146,0.988,0.003,30
1574891117484,0,3.99,1.54,1.05,-0.147,0.988,0.001,29
1574891118481,0,-4.41,0.56,0.28,-0.147,0.988,0.003,27
1574891119481,0,-1.82,0.49,-0.77,-0.145,0.989,0.004,28
1574891120479,0,1.96,0.56,0.14,-0.145,0.988,0.003,28
1574891121480,0,-1.26,0.35,0.07,-0.144,0.989,0.004,28
1574891122479,0,-0.7,0.35,-0.35,-0.139,0.99,0.003,28
1574891123482,0,1.05,0.7,0.28,-0.139,0.989,0.003,28
1574891124482,0,-0.49,0.14,0.07,-0.14,0.989,0.002,17
1574891125477,0,-0.49,0.14,0.07,-0.14,0.989,0.002,17
1574891126480,0,1.05,0.49,-0.14,-0.141,0.989,0.004,17
1574891127479,79,-0.28,0.42,-0.35,-0.141,0.989,0.003,17
1574891128484,77,0.84,0.49,-0.07,-0.142,0.989,0.003,18
1574891129480,76,0.21,0.42,-0.21,-0.142,0.989,0.002,17
1574891130484,74,0.98,0.49,-0.14,-0.143,0.989,0.002,17
1574891131483,73,0.84,0.7,0.21,-0.143,0.989,0.003,17
1574891132480,72,-0.42,0.49,-0.21,-0.143,0.989,0.003,17
1574891133482,70,1.33,0.63,0.21,-0.144,0.989,0.002,17
1574891134485,69,-0.14,0.56,-0.14,-0.144,0.989,0.002,17
1574891135478,67,-0.14,0.56,-0.14,-0.144,0.989,0.002,17
1574891136478,64,-0.7,0.42,-0.28,-0.145,0.989,0.003,17
1574891137479,62,2.31,0.7,0.49,-0.146,0.989,0.002,17
1574891138480,61,-1.4,0.49,-0.35,-0.146,0.988,0.003,17
1574891139480,61,2.1,0.63,0.35,-0.147,0.988,0.002,17
1574891140482,60,-1.4,0.42,-0.42,-0.148,0.988,0.002,17
1574891141480,61,2.17,0.7,0.56,-0.148,0.988,0.003,17
1574891142480,61,1.19,0.63,0.28,-0.149,0.988,0.003,17
1574891143481,62,0.35,0.35,-0.42,-0.149,0.988,0.002,17
1574891144480,63,0.21,0.63,0.14,-0.15,0.988,0.003,17
1574891145497,64,0.42,0.42,-0.21,-0.15,0.988,0.003,17
1574891146489,66,1.68,0.77,0.56,-0.151,0.988,0.003,16
1574891147478,66,1.68,0.77,0.56,-0.151,0.988,0.003,17
1574891148480,66,2.03,0.84,0.77,-0.152,0.988,0.003,17
1574891149479,66,-2.31,0.28,-0.56,-0.153,0.987,0.003,16
1574891150479,66,1.75,0.49,0.07,-0.154,0.987,0.003,17
1574891151484,66,1.26,0.63,0.21,-0.155,0.987,0.003,17
1574891152479,66,45.5,5.11,-4.83,-0.097,0.995,-0.017,17
1574891153478,66,-35.35,1.4,-1.12,-0.112,0.993,-0.002,6
1574891154480,66,4.06,1.33,0.14,-0.114,0.993,-0.002,11
1574891155480,66,-9.17,-2.17,0.14,-0.115,0.993,-0.003,11
1574891156479,66,-1.12,0.21,-0.14,-0.115,0.993,-0.003,12
1574891157480,66,-1.12,0.21,-0.14,-0.115,0.993,-0.003,12
1574891158480,66,-40.74,-3.5,-0.14,-0.131,0.991,-0.001,8
1574891159479,66,-0.7,0.21,-0.35,-0.128,0.992,-0.001,9
1574891160479,66,1.75,0.77,0.21,-0.129,0.992,-0.002,10
1574891161478,66,-2.38,0.42,-0.21,-0.129,0.992,-0.002,10
1574891162482,66,-0.42,0.42,-0.21,-0.129,0.992,-0.001,10
1574891163478,66,-0.42,0.42,-0.21,-0.129,0.992,-0.001,10
1574891164505,66,-2.66,0.28,-0.28,-0.131,0.991,-0.002,16
1574891165478,66,2.66,0.7,0.28,-0.131,0.991,-0.002,15
1574891166482,66,2.59,0.98,0.49,-0.132,0.991,-0.002,10
1574891167478,66,-1.05,0.49,-0.07,-0.133,0.991,-0.002,10
1574891168481,66,3.15,0.91,0.35,-0.133,0.991,-0.002,10
1574891169479,66,-2.45,0.28,-0.21,-0.134,0.991,-0.002,10
1574891170479,66,1.33,0.49,-0.07,-0.135,0.991,-0.002,11
1574891171480,66,-2.17,0.28,-0.21,-0.136,0.991,-0.002,10
1574891172484,66,0.84,0.49,-0.14,-0.136,0.991,-0.002,11
1574891173479,66,0.84,0.49,-0.14,-0.136,0.991,-0.002,11
1574891174478,66,-3.01,0.21,-0.28,-0.138,0.99,-0.002,11
1574891175479,66,2.24,0.7,0.28,-0.139,0.99,-0.002,11
1574891176481,0,1.47,0.77,0.35,-0.14,0.99,-0.002,11
1574891177479,0,1.47,0.77,0.35,-0.14,0.99,-0.002,10
1574891178480,0,3.08,0.91,0.49,-0.142,0.99,-0.002,11
1574891179483,0,-2.1,0.28,-0.14,-0.142,0.99,-0.002,10
1574891180481,0,1.4,0.63,0.07,-0.143,0.99,-0.002,10
1574891181481,0,2.94,0.98,0.49,-0.144,0.99,-0.002,10
1574891182479,0,-1.89,0.42,-0.07,-0.145,0.989,-0.002,17
1574891183481,0,-0.84,0.49,-0.14,-0.146,0.989,-0.002,16
1574891184479,0,2.31,0.84,0.35,-0.147,0.989,-0.002,15
1574891185481,0,-2.24,0.28,-0.21,-0.148,0.989,-0.002,15
1574891186480,58,0.77,0.63,0.14,-0.148,0.989,-0.002,15
1574891187481,57,2.94,0.28,1.96,-0.149,0.989,-0.001,14
1574891188478,57,2.66,0.84,0.35,-0.15,0.989,-0.001,13
1574891189479,58,0.77,0.7,0.21,-0.151,0.989,-0.001,13
1574891190479,59,1.89,0.7,0.28,-0.152,0.988,-0.002,13
1574891191477,59,1.89,0.7,0.28,-0.152,0.988,-0.002,13
1574891192484,62,2.45,0.77,0.21,-0.153,0.988,-0.002,13
1574891193479,64,-3.08,0.14,-0.21,-0.155,0.988,-0.002,13
1574891194481,67,1.33,0.56,0.07,-0.155,0.988,-0.002,14
1574891195481,70,0.07,-0.7,0.63,-0.163,0.987,-0.002,17
1574891196482,69,7.84,-0.14,-4.62,-0.221,-0.975,0,18
1574891197479,67,0.49,0.28,-0.28,-0.162,0.987,-0.001,19
1574891198479,67,1.75,0.56,0.07,-0.163,0.987,-0.001,12
1574891199479,67,-0.77,0.35,0.07,-0.164,0.986,-0.001,14
1574891200479,68,-1.96,0.28,-0.07,-0.165,0.986,-0.002,18
1574891201480,69,-4.69,-1.82,-1.61,-0.167,0.986,-0.002,18
1574891202479,70,-12.88,-13.86,5.74,-0.15,0.988,-0.005,17
1574891203478,70,0.49,-6.51,-0.77,-0.135,0.99,0.001,28
1574891204478,70,-37.45,-0.98,-2.45,-0.224,-0.975,0.001,12
1574891205504,70,-19.46,0.84,5.11,-0.205,-0.979,0.001,16
1574891206479,70,21.35,2.24,-7.07,-0.144,0.99,-0.003,19
1574891207477,70,21.35,2.24,-7.07,-0.144,0.99,-0.003,19
1574891208479,70,-0.28,0.98,0.28,-0.153,0.988,-0.002,18
1574891209482,70,2.38,0.7,0.63,-0.151,0.989,-0.002,19
1574891210482,70,-1.68,0.21,-0.14,-0.151,0.989,-0.002,20
1574891211480,70,-1.4,0.35,-0.14,-0.151,0.988,-0.002,20
1574891212479,70,1.12,0.63,0.07,-0.152,0.988,-0.002,20
1574891213477,70,1.12,0.63,0.07,-0.152,0.988,-0.002,20
1574891214481,70,-2.52,0.21,-0.14,-0.154,0.988,-0.002,20
1574891215479,70,-0.56,0.49,-0.07,-0.156,0.988,-0.002,20
1574891216479,70,3.15,0.98,0.35,-0.157,0.988,-0.002,20
1574891217481,70,-1.33,0.28,-0.14,-0.158,0.987,-0.003,20
1574891218478,70,-0.77,0.42,-0.07,-0.159,0.987,-0.002,20
1574891219478,70,2.31,0.84,0.28,-0.161,0.987,-0.002,20
1574891220478,70,-1.68,0.21,-0.14,-0.162,0.987,-0.002,21
1574891221478,70,-1.68,0.21,-0.14,-0.162,0.987,-0.002,21
1574891222507,70,2.38,0.84,0.21,-0.165,0.986,-0.002,16
1574891223481,70,-2.03,0.28,-0.07,-0.166,0.986,-0.002,16
1574891224478,70,-0.49,0.35,-0.07,-0.167,0.986,-0.003,16
1574891225478,70,1.33,1.26,0.7,-0.168,0.986,-0.002,17
1574891226479,70,-1.54,0.49,0.14,-0.17,0.985,-0.002,17
1574891227478,70,-0.77,0.21,-0.14,-0.172,0.985,-0.002,17
1574891228480,70,0.07,0.56,-0.14,-0.173,0.985,-0.002,17
1574891229478,70,-21.7,9.24,7.14,-0.215,0.974,0.011,17
1574891230481,70,-39.9,-2.66,6.86,-0.246,0.969,-0.001,11
1574891231480,70,2.52,2.66,0.77,-0.235,0.972,-0.001,15
1574891232480,70,-8.54,-1.68,-4.13,-0.29,-0.957,0,15
1574891233477,70,-16.03,1.26,4.83,-0.239,0.971,0.004,13
1574891234482,70,22.26,3.57,-1.82,0.296,0.955,0,18
1574891235480,70,-1.4,0.63,0.35,-0.242,0.97,0.001,19
1574891236480,0,9.59,0.77,1.26,-0.243,0.97,0.003,19
1574891237481,0,3.15,1.05,0.56,-0.246,0.969,0.002,19
1574891238480,0,7.91,2.1,1.54,-0.249,0.968,0.001,19
1574891239479,0,-3.92,0.28,-0.21,-0.25,0.968,0.002,18
1574891240479,0,1.96,1.12,-0.63,-0.252,0.968,0.001,18
1574891241478,0,1.96,1.12,-0.63,-0.252,0.968,0.001,18
1574891242482,0,8.4,0.49,-0.84,-0.254,0.967,0.001,18
1574891243481,0,-2.52,-0.49,0.77,-0.253,0.967,0.004,19
1574891244478,0,1.12,1.26,0.91,-0.258,0.966,0.002,18
1574891245480,0,-0.14,0.56,-0.07,-0.26,0.965,0.002,18
1574891246478,0,-5.6,3.43,-0.56,-0.262,0.965,0.004,18
1574891247478,0,-5.6,3.43,-0.56,-0.262,0.965,0.004,18
1574891248479,0,0.84,6.37,7.77,-0.251,0.967,0.007,19
1574891249479,0,-8.68,0.28,1.61,-0.26,0.965,0.006,21
1574891250483,0,10.36,5.53,-0.56,-0.266,0.964,0.005,21
1574891251477,69,10.36,5.53,-0.56,-0.266,0.964,0.005,20
1574891252482,69,10.99,2.03,1.4,-0.27,0.962,0.004,20
1574891253484,68,0.7,0.56,-0.63,-0.271,0.962,0.004,21
1574891254479,67,4.27,0.77,1.68,-0.275,0.961,0.003,22
1574891255479,67,0.14,0.91,0.42,-0.278,0.96,0.003,18
1574891256479,66,-0.28,0.14,0.07,-0.28,0.96,0.003,18
1574891257477,66,-0.28,0.14,0.07,-0.28,0.96,0.003,18
1574891258483,68,20.93,47.81,-22.82,-0.267,-0.964,0.006,9
1574891259479,69,-1.75,0.35,0.14,-0.235,0.972,-0.001,14
1574891260482,70,47.95,1.12,-0.84,-0.233,0.972,-0.005,17
1574891261479,70,0.14,0.77,-0.21,-0.288,-0.958,0.001,10
1574891262480,71,7.49,4.76,-1.68,-0.25,0.968,0,10
1574891263481,71,-2.03,1.4,-0.28,-0.292,-0.956,0.001,10
1574891264479,70,1.05,0.84,0.14,-0.25,0.968,-0.001,11
1574891265500,68,-12.11,-1.89,-0.07,0.248,-0.969,0,12
1574891266480,68,-3.29,-0.07,0.91,-0.247,0.969,-0.002,12
1574891267478,68,1.96,0.84,0.84,-0.246,0.969,-0.001,13
1574891268479,68,-4.62,0.49,-0.42,-0.246,0.969,-0.001,13
1574891269478,68,-0.98,2.87,-1.75,-0.302,-0.953,0.002,12
1574891270478,68,-1.05,-3.99,4.13,-0.241,0.971,-0.001,13
1574891271483,68,-0.77,0.56,0.07,-0.239,0.971,-0.001,13
1574891272482,68,0.98,0.77,0.56,-0.238,0.971,-0.001,12
1574891273478,68,0.98,0.77,0.56,-0.238,0.971,-0.001,12
1574891274478,68,3.57,0.49,-0.07,-0.234,0.972,-0.001,14
1574891275478,68,-0.98,0.35,0.07,-0.233,0.972,-0.001,14
1574891276478,68,-0.14,0.56,-0.07,-0.234,0.972,-0.001,14
1574891277479,68,-0.14,0.56,-0.07,-0.234,0.972,-0.001,14
1574891278480,68,12.67,8.47,2.66,-0.235,0.972,-0.002,15
1574891279478,68,-7.42,-4.97,0.98,-0.234,0.972,-0.003,13
1574891280478,68,0.91,0.63,0.28,-0.234,0.972,-0.001,13
1574891281479,68,0.91,0.63,0.28,-0.234,0.972,-0.001,13
1574891282480,68,0.63,0.91,-0.14,-0.233,0.973,-0.001,13
1574891283481,68,3.85,0.7,0.63,-0.232,0.973,-0.001,14
1574891284478,68,5.25,1.82,1.54,-0.325,-0.946,0,14
1574891285481,68,-0.63,1.33,-0.14,-0.232,0.973,-0.001,12
1574891286480,68,-2.38,1.4,-0.07,-0.231,0.973,-0.001,12
1574891287478,68,0.49,0.28,-0.14,-0.23,0.973,-0.001,12
1574891288479,68,1.19,0.7,0.14,-0.229,0.973,-0.001,13
1574891289478,68,0.91,0.63,0.07,-0.228,0.974,-0.001,13
1574891290480,68,1.82,0.49,-0.07,-0.226,0.974,-0.001,13
1574891291479,68,1.82,0.49,-0.07,-0.226,0.974,-0.001,13
1574891292480,68,1.68,0.42,-0.21,-0.225,0.974,-0.001,13
1574891293484,68,23.73,1.68,1.19,-0.224,0.975,-0.001,13
1574891294482,68,-1.12,1.54,-0.14,-0.224,0.975,-0.001,12
1574891295478,68,-0.35,1.05,0.56,-0.223,0.975,-0.001,13
1574891296481,0,-5.32,0.7,0.84,-0.223,0.975,-0.001,12
1574891297478,0,18.34,1.82,2.66,-0.224,0.975,-0.007,12
1574891298481,0,-5.04,0.49,3.5,-0.224,0.975,0,11
1574891299487,0,1.47,1.82,-0.28,-0.222,0.975,-0.002,12
1574891300480,0,5.88,-3.5,0.28,-0.378,-0.926,-0.003,12
1574891301481,0,-16.1,-5.11,-2.31,-0.219,0.976,-0.002,11
1574891302480,0,-1.33,-0.42,0.28,-0.217,0.976,-0.001,12
1574891303480,0,-10.01,0.21,3.01,0.215,-0.977,0,10
1574891304480,0,2.1,-1.12,0.84,-0.377,-0.926,0.003,11
1574891305480,0,-2.03,0.14,-0.07,-0.213,0.977,-0.002,12
1574891306479,0,-10.78,3.85,3.08,-0.198,0.98,0.001,10
1574891307479,0,-0.98,0.56,0.21,-0.195,0.981,0.001,19
1574891308480,0,0.21,0.63,0.07,-0.194,0.981,0.001,18
1574891309477,0,0.21,0.63,0.07,-0.194,0.981,0.001,18
1574891310484,0,-0.91,0.42,0.07,-0.191,0.981,0.001,18
1574891311480,76,10.57,-3.99,-4.13,-0.442,-0.896,-0.011,3
1574891312484,76,-2.66,0.84,-4.27,-0.442,-0.896,-0.014,3
1574891313481,76,-5.04,2.03,-0.7,-0.2,0.98,0,8
1574891314481,76,0.84,-0.07,0.14,-0.196,0.981,0,13
1574891315486,78,1.61,0.84,0.28,-0.194,0.981,0,13
1574891316481,79,-1.61,0.49,-0.07,-0.192,0.981,0,13
1574891317477,79,-1.61,0.49,-0.07,-0.192,0.981,0,13
1574891318483,77,1.68,0.77,0.28,-0.189,0.982,0,13
1574891319483,75,-0.98,0.28,-0.14,-0.187,0.982,0,13
1574891320479,73,0.63,0.28,-0.07,-0.185,0.983,0,13
1574891321480,72,1.96,0.7,0.42,-0.182,0.983,0,12
1574891322479,70,-1.26,0.56,0.07,-0.18,0.984,0,12
1574891323476,67,-1.26,0.56,0.07,-0.18,0.984,0,12
1574891324480,66,-2.1,0.56,0.07,-0.175,0.984,0,12
1574891325501,64,1.19,0.56,0.21,-0.173,0.985,0,12
1574891326487,63,1.82,0.77,0.21,-0.171,0.985,0,12
1574891327479,63,1.82,0.77,0.21,-0.171,0.985,0,12
1574891328480,63,2.73,0.63,0.35,-0.166,0.986,0,12
1574891329478,63,-1.82,0.49,-0.07,-0.164,0.986,0,11
1574891330479,63,11.2,-1.82,10.5,-0.161,0.987,-0.007,11
1574891331482,63,-5.18,-0.21,3.85,-0.15,0.989,-0.003,9
1574891332478,63,-2.52,0.07,-0.91,-0.145,0.989,-0.001,11
1574891333478,63,0.56,0.35,0.35,-0.144,0.99,-0.001,11
1574891334478,63,-1.19,0.56,-0.14,-0.141,0.99,-0.001,11
1574891335480,63,1.47,0.07,0.28,-0.138,0.99,0,11
1574891336478,63,31.57,6.16,-8.82,-0.463,-0.886,0.007,8
1574891337478,63,9.31,1.82,0.84,-0.476,-0.879,0.005,6
1574891338479,63,4.06,0.14,0.07,-0.473,-0.881,0.009,5
1574891339481,63,-18.83,-3.64,2.73,-0.124,0.992,-0.006,14
1574891340480,63,-0.98,-1.75,-1.54,-0.137,0.991,-0.004,14
1574891341478,63,-0.98,-1.75,-1.54,-0.137,0.991,-0.004,14
1574891342481,63,14.42,4.2,-2.94,-0.128,0.992,0,14
1574891343478,63,3.15,2.66,-1.82,-0.119,0.993,-0.004,12
1574891344478,63,0.28,0.28,-0.21,-0.113,0.994,-0.002,15
1574891345480,63,-0.91,1.12,0.21,-0.112,0.994,-0.003,15
1574891346478,63,0.56,0.7,0.14,-0.108,0.994,-0.003,15
1574891347481,63,0.56,0.7,0.14,-0.108,0.994,-0.003,15
1574891348480,63,-4.2,-5.6,-11.2,0.472,0.882,0,8
1574891349478,63,-0.21,0.77,0.42,-0.097,0.995,-0.001,12
1574891350478,63,-1.68,0.07,0.28,-0.093,0.996,-0.001,12
1574891351478,63,2.31,0.28,0.21,-0.09,0.996,-0.001,13
1574891352481,63,-1.47,0.56,0.21,-0.086,0.996,-0.001,14
1574891353480,63,1.33,0.56,0.07,-0.082,0.997,-0.001,14
1574891354479,63,1.05,0.49,-0.07,-0.078,0.997,-0.001,14
1574891355477,63,1.05,0.49,-0.07,-0.078,0.997,-0.001,14
1574891356479,0,-25.55,4.76,2.1,-0.063,0.998,-0.002,12
1574891357483,0,0.07,0.21,-0.07,-0.058,0.998,-0.001,15
1574891358480,0,2.24,0.28,-0.14,-0.055,0.998,-0.001,15
1574891359481,0,0.21,0.56,0.21,-0.05,0.999,-0.001,15
1574891360483,0,3.29,0.42,-0.07,-0.046,0.999,-0.001,15
1574891361477,0,3.29,0.42,-0.07,-0.046,0.999,-0.001,15
1574891362480,0,-0.35,-2.66,1.4,-0.043,0.999,-0.004,12
1574891363485,0,-10.01,0.49,-0.28,-0.036,0.999,-0.003,11
1574891364483,0,0.21,0.77,0.28,-0.031,0.999,-0.002,14
1574891365477,0,0.21,0.77,0.28,-0.031,0.999,-0.002,14
1574891366479,0,-2.24,0.42,-0.07,-0.023,1,-0.002,15
1574891367479,0,5.32,1.05,1.12,-0.016,1,-0.002,15
1574891368478,0,0.07,0.91,0.49,-0.01,1,-0.002,15
1574891369480,66,-0.14,0.35,-0.14,-0.005,1,-0.002,15
1574891370479,66,2.87,1.05,0.42,-0.001,-1,0.002,15
1574891371484,66,1.26,0.21,-0.56,-0.005,-1,0.002,15
1574891372480,66,2.1,0.77,0.21,-0.011,-1,0.002,16
1574891373477,66,2.1,0.77,0.21,-0.011,-1,0.002,16
1574891374480,66,0.07,0.42,-0.14,-0.022,-1,0.003,16
1574891375481,66,2.59,0.98,0.42,-0.028,-1,0.003,16
1574891376482,67,-1.82,0.42,-0.07,-0.033,-0.999,0.003,16
1574891377477,67,-1.82,0.42,-0.07,-0.033,-0.999,0.003,16
1574891378479,66,0.7,0.7,0.14,-0.045,-0.999,0.003,16
1574891379482,65,-0.56,0.42,-0.07,-0.05,-0.999,0.004,16
1574891380480,64,2.87,1.05,0.42,-0.056,-0.998,0.004,16
1574891381479,63,-1.05,0.14,-0.28,-0.062,-0.998,0.004,16
1574891382479,62,2.17,0.77,0.21,-0.068,-0.998,0.003,16
1574891383479,61,2.17,0.77,0.21,-0.068,-0.998,0.003,16
1574891384479,61,12.32,2.45,-1.68,-0.082,-0.997,0.004,16
1574891385481,61,7.07,-0.07,-1.05,-0.541,-0.841,0.001,11
1574891386479,60,4.62,-0.63,0.91,-0.095,-0.996,0.001,13
1574891387484,60,-0.84,0.56,0.07,-0.1,-0.995,0.002,13
1574891388479,60,-46.62,-0.14,2.52,-0.544,-0.839,0,8
1574891389483,60,-29.75,-11.62,-2.52,-0.121,-0.993,0.004,10
1574891390481,60,10.43,6.09,-2.24,-0.552,-0.834,0,8
1574891391478,60,-1.68,2.73,2.31,-0.552,-0.834,0,8
1574891392478,60,-0.77,0.21,-0.07,-0.148,-0.989,0.001,10
1574891393481,60,-0.77,0.42,-0.14,-0.155,-0.988,0.001,11
1574891394477,60,1.26,0.42,-0.14,-0.161,-0.987,0.001,11
1574891395478,60,1.4,0.63,0.07,-0.168,-0.986,0.001,12
1574891396481,60,-1.05,0.28,-0.21,-0.175,-0.985,0.001,12
1574891397478,60,-2.24,0.28,-0.07,-0.182,-0.983,0.001,12
1574891398478,60,0.28,0.7,-0.63,-0.189,-0.982,0.001,12
1574891399480,60,-5.25,-1.96,0.07,-0.188,-0.982,0.001,12
1574891400483,60,-5.53,-1.75,-3.15,-0.566,-0.824,0.001,10
1574891401477,60,-5.53,-1.75,-3.15,-0.566,-0.824,0.001,10
1574891402479,60,-11.69,0.07,-0.07,-0.209,-0.978,0.001,8
1574891403481,60,-0.77,0.91,0.14,-0.221,-0.975,0.002,12
1574891404479,60,1.4,0.77,0.35,-0.23,-0.973,0.002,13
1574891405478,60,-0.84,0.42,-0.14,-0.238,-0.971,0.002,13
1574891406482,60,1.75,0.84,0.35,-0.246,-0.969,0.002,13
1574891407478,60,-1.33,0.28,-0.21,-0.253,-0.967,0.002,13
1574891408479,60,1.61,0.77,0.28,-0.261,-0.965,0.003,13
1574891409480,60,-1.82,0.35,-0.07,-0.268,-0.963,0.003,13
1574891410480,60,0.84,0.56,0.07,-0.275,-0.962,0.003,14
1574891411480,60,-1.4,0.35,0.14,-0.282,-0.959,0.003,14
1574891412478,60,1.47,0.7,0.14,-0.289,-0.957,0.003,14
1574891413479,60,-15.4,-6.58,6.02,-0.602,-0.798,0,3
1574891414479,60,-3.15,-0.07,0.21,-0.585,-0.811,-0.001,8
1574891415478,60,2.03,1.33,0.49,-0.586,-0.811,-0.001,8
1574891416483,0,-2.17,-0.21,0.14,-0.587,-0.81,0,8
1574891417479,0,-2.17,-0.21,0.14,-0.587,-0.81,0,8
1574891418482,0,-0.28,0.21,-0.07,-0.589,-0.808,-0.001,8
1574891419479,0,0.84,0.77,0.07,-0.59,-0.808,0,8
1574891420482,0,1.47,0.98,0.42,-0.591,-0.807,-0.001,8
1574891421479,0,0.21,0.49,-0.14,-0.592,-0.806,0,9
1574891422478,0,2.24,1.19,0.35,-0.593,-0.805,0,9
1574891423478,0,2.24,1.19,0.35,-0.593,-0.805,0,9
1574891424480,0,2.17,1.12,0.07,-0.595,-0.804,0,9
1574891425486,57,-1.05,-0.14,0.07,-0.596,-0.803,0,9
1574891426479,57,2.87,1.26,0.07,-0.597,-0.802,-0.001,9
1574891427484,58,-0.56,0.14,-0.28,-0.598,-0.802,0,8
1574891428479,58,2.38,1.12,0.28,-0.599,-0.801,0,8
1574891429481,59,-1.68,-0.21,0.07,-0.6,-0.8,0,8
1574891430480,60,2.17,1.12,0.14,-0.601,-0.8,0,8
1574891431481,61,0.49,0.49,0.35,-0.602,-0.799,0,8
1574891432482,62,0.42,0.42,-0.14,-0.602,-0.798,0,8
1574891433480,63,0.42,0.42,-0.14,-0.602,-0.798,0,8
1574891434480,64,-0.21,0.35,-0.14,-0.604,-0.797,0,8
1574891435481,63,1.47,1.05,0.35,-0.605,-0.796,0,8
1574891436480,62,-1.75,-0.21,0.28,-0.606,-0.795,-0.001,8
1574891437483,61,1.89,1.05,0.07,-0.607,-0.795,0,8
1574891438478,60,0.63,0.63,-0.14,-0.608,-0.794,-0.001,8
1574891439483,59,-0.77,0.07,-0.28,-0.609,-0.793,0,8
1574891440483,59,2.52,1.26,0.21,-0.61,-0.793,0,8
1574891441479,58,2.52,1.26,0.21,-0.61,-0.793,0,8
1574891442479,59,-0.14,0.49,0.14,-0.611,-0.792,0,8
1574891443482,61,0.49,0.49,0.14,-0.612,-0.791,0,8
1574891444484,62,0.28,0.56,0.21,-0.613,-0.79,0,8
1574891445499,63,0.28,0.56,0.21,-0.613,-0.79,0,8
1574891446484,64,-8.4,-5.74,7,-0.621,-0.784,0.001,7
1574891447478,64,5.25,4.55,-3.08,-0.621,-0.784,-0.005,7
1574891448481,64,-4.2,-1.75,-2.24,-0.623,-0.782,-0.007,5
1574891449478,64,-3.78,1.33,6.02,0.502,0.865,0.013,5
1574891450480,64,31.57,5.39,-2.45,0.508,0.861,0.007,7
1574891451479,64,13.44,-0.91,-2.94,-0.626,-0.78,-0.006,5
1574891452478,64,0.21,-0.49,0.35,-0.626,-0.78,-0.01,5
1574891453477,64,-9.1,-5.46,6.44,-0.625,-0.78,-0.015,5
1574891454478,64,1.89,1.05,0.49,-0.629,-0.777,-0.017,5
1574891455481,64,1.26,0.77,1.89,-0.628,-0.778,-0.016,5
1574891456478,64,-0.35,0.98,0.07,-0.63,-0.776,-0.019,5
1574891457479,64,1.68,1.4,0.28,-0.631,-0.776,-0.011,5
1574891458478,64,-3.36,-0.14,-0.14,-0.631,-0.775,-0.011,5
1574891459479,64,2.17,1.33,0.49,-0.631,-0.775,-0.011,5
1574891460480,64,-0.42,0.63,1.68,-0.631,-0.775,-0.01,5
1574891461477,64,-0.42,0.63,1.68,-0.631,-0.775,-0.01,5
1574891462481,64,-0.56,0.07,-0.28,-0.632,-0.775,-0.01,5
1574891463479,64,0.98,0.63,-0.07,-0.632,-0.775,-0.008,5
1574891464478,64,-0.7,-0.07,-0.07,-0.633,-0.774,-0.009,5
1574891465482,64,1.61,0.56,-0.77,-0.63,-0.777,-0.003,7
1574891466482,64,0.84,0.98,0.84,-0.634,-0.773,-0.008,5
1574891467479,64,0.7,0.63,-0.14,-0.634,-0.773,-0.008,5
1574891468478,64,0.21,1.33,1.75,-0.635,-0.773,-0.008,5
1574891469480,64,28.7,44.8,-0.7,-0.622,-0.744,-0.096,5
1574891470478,64,-0.28,2.03,0.28,0.639,0.769,0,5
1574891471478,64,0.7,0.7,0.21,-0.639,-0.769,0,8
1574891472478,64,-0.49,0.28,-0.14,-0.575,-0.818,0,10
1574891473478,64,23.03,-7.35,1.61,-0.64,-0.768,-0.002,10
1574891474483,64,-17.15,3.43,0.84,0.64,0.769,0,7
1574891475483,64,0.07,0.42,-0.35,0.64,0.768,0,10
1574891476484,0,1.89,0.77,0.28,-0.583,-0.813,0,10
1574891477482,0,-0.42,0.42,-0.07,-0.585,-0.811,0,10
1574891478484,0,1.4,0.56,0.14,0.642,0.767,0,10
1574891479482,0,-1.26,0.56,0.07,0.643,0.766,0,10
1574891480480,0,0.49,0.49,-0.07,0.643,0.766,0,10
1574891481479,0,0.91,0.63,0.28,0.644,0.765,0,10
1574891482480,0,-1.4,0.56,-0.07,0.644,0.765,0,10
1574891483485,0,2.45,0.84,0.42,0.645,0.764,0,10
1574891484479,0,0.28,0.63,0.07,0.645,0.764,0,10
1574891485482,0,0.77,0.56,-0.07,0.646,0.764,0,10
1574891486483,60,2.66,0.77,0.28,-0.6,-0.8,0,10
1574891487478,59,2.66,0.77,0.28,-0.6,-0.8,0,10
1574891488479,61,2.1,0.7,0.21,0.647,0.762,0,11
1574891489479,62,0.28,0.56,0.07,0.647,0.762,0,10
1574891490482,63,0.63,-0.49,-0.07,0.648,0.762,0,10
1574891491479,65,-36.82,-2.38,11.34,-0.657,-0.753,-0.025,3
1574891492485,66,-42.21,12.95,-2.17,-0.656,-0.755,0,5
1574891493481,65,-42.21,12.95,-2.17,-0.656,-0.755,0,5
1574891494483,67,-1.61,0.56,0.14,0.656,0.755,0,10
1574891495481,65,-0.84,0.63,0.21,0.656,0.754,0,12
1574891496479,64,-0.7,0.14,0.07,0.657,0.754,0,12
1574891497482,63,0.42,0.49,0.07,0.657,0.754,0,11
1574891498478,63,-44.1,5.32,1.68,0.636,0.771,0.02,3
1574891499480,62,6.65,0.84,-0.56,0.664,0.747,0,5
1574891500480,62,0.07,0.63,0.07,0.664,0.747,0,12
1574891501480,62,0.56,0.56,0.14,0.665,0.747,0,18
1574891502481,61,0.42,0.56,0.07,0.665,0.747,0,18
1574891503478,61,0.21,0.49,0.07,0.665,0.747,0,18
1574891504478,63,0.07,0.49,-0.07,0.665,0.747,0,15
1574891505498,63,0.7,0.63,0.14,0.666,0.746,0,16
1574891506479,64,-0.21,0.56,0.07,0.666,0.746,0,16
1574891507480,64,-1.05,0.77,0.07,0.665,0.747,0,15
1574891508480,64,1.54,0.56,0.21,0.666,0.746,0,15
1574891509480,64,-0.14,0.56,0.07,0.666,0.746,0,15
1574891510478,64,76.79,-3.43,-23.8,0.651,0.759,0.027,15
1574891511477,64,76.79,-3.43,-23.8,0.651,0.759,0.027,15
1574891512480,64,-11.62,-21.98,7.84,0.663,0.749,0.001,5
1574891513479,64,-2.38,1.82,-0.98,-0.655,-0.755,0,11
1574891514478,64,0.49,0.07,0.07,-0.656,-0.755,0,13
1574891515481,64,6.58,3.5,0.77,0.629,0.777,0.003,11
1574891516481,64,-4.69,0.14,3.29,-0.655,-0.756,-0.002,12
1574891517482,64,-2.24,0.49,0.07,-0.628,-0.778,0.001,12
1574891518484,64,1.47,0.63,-0.07,-0.628,-0.778,0.001,13
1574891519480,64,1.47,0.63,-0.07,-0.628,-0.778,0.001,13
1574891520481,64,-0.56,0.42,-0.07,-0.63,-0.777,0.001,13
1574891521478,64,3.36,0.98,0.28,-0.63,-0.776,0.001,13
1574891522482,64,-2.1,0.28,-0.07,-0.631,-0.776,0.001,13
1574891523482,64,-2.1,0.28,-0.07,-0.631,-0.776,0.001,13
1574891524478,64,-0.35,0.56,0.07,-0.632,-0.775,0.001,13
1574891525480,64,2.17,0.91,-0.21,-0.633,-0.774,0.001,13
1574891526479,64,3.29,-9.03,4.55,0.636,0.772,0.001,10
1574891527480,64,-0.07,0.56,0.21,-0.657,-0.754,0,12
1574891528477,64,-6.23,-2.24,0.21,-0.632,-0.775,0.001,13
1574891529482,64,-5.39,-0.63,1.12,-0.654,-0.756,0,12
1574891530481,64,-6.37,-2.03,11.55,-0.64,-0.768,-0.002,12
1574891531479,64,22.05,0.98,-0.98,-0.63,-0.776,-0.007,11
1574891532480,64,7.21,2.24,0.28,-0.628,-0.778,0.001,11
1574891533478,64,-1.61,0.35,0.21,-0.629,-0.777,0,11
1574891534478,64,0.56,0.63,0.07,-0.629,-0.778,0,11
1574891535478,64,0.28,1.12,0.77,-0.629,-0.778,0,11
1574891536480,0,2.1,0.98,0.42,-0.628,-0.778,0,11
1574891537479,0,-0.7,0.63,0.21,-0.628,-0.778,0.001,10
1574891538479,0,0.28,0.63,0.21,-0.628,-0.778,0.001,11
1574891539481,0,0.77,0.63,0.14,-0.628,-0.778,0.001,11
1574891540485,0,0.42,0.56,0.14,-0.628,-0.778,0.001,11
1574891541478,0,0.42,0.56,0.14,-0.628,-0.778,0.001,12
1574891542480,0,13.65,-1.75,-1.05,-0.628,-0.779,0.001,12
1574891543480,0,-27.3,-6.16,0.35,0.599,0.801,0,10
1574891544479,0,-17.15,-4.55,-3.01,-0.6,-0.8,0.003,12
1574891545481,72,-5.88,-3.22,-3.29,-0.626,-0.78,0,11
1574891546483,72,17.71,30.31,-55.16,0.682,0.729,0.051,5
1574891547477,73,17.71,30.31,-55.16,0.682,0.729,0.051,3
1574891548482,75,-25.69,-8.82,-1.26,0.642,0.767,0.016,7
1574891549480,74,39.34,3.64,-9.66,-0.664,-0.748,0.003,14
1574891550479,74,0.42,0.7,0.56,0.661,0.75,-0.003,18
1574891551479,75,0.07,0.77,0.07,0.661,0.75,-0.004,18
1574891552479,77,1.89,0.7,0.35,0.661,0.75,-0.004,18
1574891553478,77,15.75,5.04,2.17,-0.638,-0.77,0.001,15
1574891554480,76,-24.71,1.26,-2.94,-0.637,-0.771,0.003,11
1574891555481,75,9.03,2.17,-0.91,-0.62,-0.784,0.003,15
1574891556482,74,7.35,1.54,-0.91,-0.621,-0.783,0.005,14
1574891557484,72,-8.12,-1.26,1.54,-0.624,-0.781,0.001,10
1574891558479,70,-0.77,1.26,0.21,-0.624,-0.781,0.005,16
1574891559481,71,0.77,0.56,-0.07,-0.624,-0.781,0.006,18
1574891560481,73,-12.25,1.54,-1.54,0.658,0.753,0.003,9
1574891561480,72,-12.25,1.54,-1.54,0.658,0.753,0.003,9
1574891562481,72,-1.05,0.63,0.28,0.665,0.747,-0.003,17
1574891563486,73,1.12,0.63,0.07,0.665,0.747,-0.003,17
1574891564480,73,20.58,2.24,-9.73,-0.622,-0.783,0.003,14
1574891565498,74,4.34,3.29,-1.26,-0.644,-0.765,0,11
1574891566478,75,7.91,-9.1,-2.87,-0.627,-0.779,0.01,12
1574891567480,75,4.62,3.92,-1.05,-0.644,-0.765,0,11
1574891568480,75,-19.11,-0.98,5.32,0.63,0.777,0.001,12
1574891569477,75,-19.11,-0.98,5.32,0.63,0.777,0.001,12
1574891570478,75,1.12,13.65,-2.87,0.629,0.777,0.001,12
1574891571536,75,-1.4,4.06,1.47,-0.643,-0.766,-0.004,12
1574891572483,75,18.55,0.98,3.29,-0.643,-0.766,-0.004,12
1574891573477,75,18.55,0.98,3.29,-0.643,-0.766,-0.004,12
1574891574478,75,-2.31,0.7,-0.35,-0.644,-0.765,0,12
1574891575478,75,1.54,0.56,0.21,-0.643,-0.766,0,12
1574891576478,75,5.74,1.68,-0.07,-0.643,-0.766,0,12
1574891577478,75,3.01,-1.61,-1.4,-0.641,-0.768,0,12
1574891578479,75,8.82,6.16,-0.77,-0.627,-0.779,0.001,12
1574891579480,75,2.1,0.28,0.42,-0.628,-0.779,0,12
1574891580480,75,23.1,-5.6,2.45,-0.638,-0.77,0,12
1574891581484,75,-1.96,2.17,-0.63,-0.639,-0.769,0,12
1574891582475,75,-2.24,-1.05,-1.05,-0.639,-0.77,0,12
1574891583489,75,6.16,15.26,2.66,0.629,0.778,0.006,11
1574891584489,75,10.22,6.58,-1.12,-0.628,-0.778,0.001,11
1574891585489,75,10.22,6.58,-1.12,-0.628,-0.778,0.001,11
1574891586494,75,-0.56,-9.8,-4.34,0.629,0.778,0,11
1574891587490,75,-1.19,0.49,0.84,-0.664,-0.747,-0.004,6
1574891588491,75,1.4,0.7,-1.47,-0.666,-0.745,-0.012,5
1574891589493,75,2.59,1.33,0.49,-0.666,-0.745,-0.012,5
1574891590489,75,0.7,0.56,0.49,-0.665,-0.746,-0.016,4
1574891591487,75,-0.21,0.35,-0.56,-0.665,-0.746,-0.014,5
1574891592495,75,-16.31,9.45,13.51,0.676,0.737,0.003,10
1574891593491,75,-16.31,9.45,13.51,0.676,0.737,0.003,16
1574891594489,75,0.91,0.56,-0.14,-0.689,-0.724,0.017,12
1574891595493,75,-0.14,0.49,0.07,-0.689,-0.724,0.016,12
1574891596489,0,0.42,0.63,0.28,-0.689,-0.724,0.016,12
1574891597495,0,-11.13,-0.28,2.45,-0.686,-0.727,0.024,12
1574891598493,0,0.49,0.21,0.7,-0.676,-0.736,0.034,17
1574891599494,0,-0.14,0.98,0.49,-0.674,-0.737,0.039,17
1574891600501,0,0.56,0.49,-0.07,-0.675,-0.737,0.036,17
1574891601493,0,0.84,0.84,-0.21,-0.675,-0.737,0.036,16
1574891602493,0,0.56,0.49,-0.07,-0.674,-0.738,0.034,17
1574891603492,0,0.21,0.49,0.14,-0.674,-0.738,0.034,16
1574891604490,0,0.07,0.35,0.14,-0.674,-0.738,0.034,16
1574891605490,55,0.63,0.56,0.07,-0.674,-0.738,0.033,16
1574891606492,55,3.08,0.49,-4.2,-0.676,-0.737,0.033,16
1574891607492,54,41.16,3.43,2.66,-0.684,-0.729,0.002,11
1574891608493,54,-22.4,9.87,3.01,0.636,0.771,0.039,5
1574891609489,55,-22.4,9.87,3.01,0.636,0.771,0.039,5
1574891610489,56,2.94,0.42,0.14,-0.645,-0.764,-0.012,7
1574891611489,57,1.33,-0.49,-0.07,-0.643,-0.766,-0.013,8
1574891612493,58,0.49,0.42,-0.07,-0.642,-0.767,-0.005,7
1574891613491,60,0.98,0.63,-0.07,-0.641,-0.767,-0.007,8
1574891614491,62,0.35,0.56,-0.07,-0.641,-0.768,-0.007,8
1574891615491,63,4.69,0.91,0.35,-0.64,-0.768,-0.008,7
1574891616495,62,-17.92,1.05,0.42,-0.638,-0.77,-0.005,8
1574891617492,61,2.45,0.56,0.28,-0.638,-0.77,-0.002,9
1574891618492,60,-1.96,0.14,0.07,-0.637,-0.771,-0.005,9
1574891619491,59,0.42,0.42,-0.07,-0.638,-0.77,-0.008,7
1574891620492,57,0.14,1.19,-0.35,-0.637,-0.771,-0.012,7
1574891621490,57,0.14,1.19,-0.35,-0.637,-0.771,-0.012,8
1574891622496,58,-6.23,-6.72,0.63,-0.655,-0.755,0.022,10
1574891623503,57,40.88,0.49,20.86,-0.645,-0.75,0.105,7
1574891624491,59,-13.72,1.47,0.49,-0.638,-0.77,0,9
1574891625520,60,0.7,0.56,0.07,-0.637,-0.771,0,12
1574891626492,61,0.7,0.56,0.07,-0.636,-0.771,0,11
1574891627487,61,0.56,0.49,0.07,-0.636,-0.772,0,11
1574891628492,61,0.42,0.63,0.14,-0.635,-0.773,0,11
1574891629497,61,0.77,0.56,0.14,-0.634,-0.773,0,11
1574891630487,61,0.42,0.56,0.07,-0.633,-0.774,0,11
1574891631492,61,0.35,0.56,0.07,-0.633,-0.774,0,11
1574891632493,61,0.28,0.56,0.07,-0.632,-0.775,0,11
1574891633496,61,0.28,0.56,0.07,-0.632,-0.775,0,11
1574891634488,61,0.35,0.56,0.07,-0.63,-0.776,0,11
1574891635488,61,0.63,0.56,0.14,-0.629,-0.777,0,11
1574891636489,61,-41.3,11.41,0.35,-0.605,-0.797,0.001,10
1574891637490,61,-46.69,-3.71,18.62,-0.624,-0.781,0.008,11
1574891638487,61,-0.91,0.49,-0.21,-0.623,-0.782,0.001,13
1574891639491,61,-3.29,0.28,0.21,-0.626,-0.78,0,11
1574891640489,61,-0.63,0.49,0.21,-0.625,-0.781,0,12
1574891641492,61,-0.63,0.49,0.21,-0.625,-0.781,0,12
1574891642489,61,2.45,0.7,0.21,-0.623,-0.782,0,12
1574891643494,61,5.81,1.12,-1.19,-0.624,-0.782,0,12
1574891644492,61,-1.4,0.7,-0.07,-0.623,-0.782,0,11
1574891645489,61,0.63,0.49,0.28,-0.623,-0.783,0,11
1574891646489,61,2.31,0.7,0.21,-0.622,-0.783,0,11
1574891647494,61,12.04,1.33,-5.74,0.598,0.801,0.001,9
1574891648494,61,-13.02,-11.34,26.88,-0.517,-0.855,0.034,14
1574891649494,61,-13.02,-11.34,26.88,-0.517,-0.855,0.034,16
1574891650489,61,22.89,2.1,-5.25,-0.521,-0.853,0.023,18
1574891651490,61,-30.38,2.59,-1.61,-0.547,-0.837,0.002,10
1574891652493,61,-2.52,2.24,1.33,-0.547,-0.837,0.011,15
1574891653490,61,3.71,-0.42,-1.12,-0.547,-0.837,0.001,14
1574891654495,61,3.71,1.54,-0.35,-0.545,-0.838,0.006,14
1574891655490,61,-3.64,-2.03,1.89,-0.544,-0.839,0.006,14
1574891656490,0,11.69,6.3,-2.24,-0.545,-0.838,0.001,13
1574891657492,0,11.69,6.3,-2.24,-0.545,-0.838,0.001,13
1574891658507,0,-9.1,-21.56,-2.59,-0.639,-0.536,0.409,23
1574891659563,0,-9.1,-21.56,-2.59,-0.639,-0.536,0.409,23
1574891660496,0,-11.48,1.47,-2.03,-0.551,-0.834,0.03,18
1574891661531,0,-0.35,0.49,0.35,-0.548,-0.834,0.044,26
1574891662511,0,-0.35,0.49,0.35,-0.548,-0.834,0.044,26
1574891663489,0,0.63,0.56,0.07,-0.548,-0.834,0.045,26
1574891664490,0,0.42,1.05,0.28,-0.546,-0.835,0.047,22
1574891665490,0,-14.91,-1.54,8.75,-0.551,-0.834,0.013,15
1574891666491,0,-4.06,1.47,-0.42,-0.55,-0.834,0.024,18
1574891667493,0,8.12,19.95,-32.48,-0.398,-0.662,-0.017,15
1574891668496,0,71.19,150.43,66.99,-0.429,-0.896,0.073,3
1574891669490,0,71.19,150.43,66.99,-0.429,-0.896,0.073,3
1574891670489,0,-13.23,6.93,-10.36,0.325,0.872,0.153,0
1574891671491,0,57.82,-34.93,21.14,0.29,0.848,0.428,20
1574891672493,0,-74.55,-58.03,16.87,0.461,0.865,0.17,24
1574891673488,0,-74.55,-58.03,16.87,0.461,0.865,0.17,20
1574891674494,0,-16.94,27.02,-31.08,0.54,0.835,-0.052,18
1574891675489,0,0.98,-1.96,-2.66,0.472,0.829,-0.049,0
1574891676491,0,0.56,0.84,0.42,0.473,0.829,-0.052,0
1574891677494,0,0.98,0.42,0.07,0.472,0.829,-0.054,0
1574891678491,0,0.21,0.7,0.07,0.47,0.83,-0.052,0
1574891679493,72,0.14,0.98,0.21,0.47,0.83,-0.052,0
1574891680489,72,0.28,0.77,0.14,0.469,0.83,-0.053,0
1574891681492,72,0.28,0.77,0.14,0.47,0.83,-0.055,0
1574891682488,71,0.63,0.63,0.21,0.47,0.831,-0.052,0
1574891683491,71,0.35,0.7,0.21,0.467,0.831,-0.051,0
1574891684495,69,0.63,0.63,0.14,0.467,0.832,-0.051,0
1574891685502,67,0.63,0.63,0.14,0.467,0.832,-0.051,0
1574891686492,67,0.56,0.49,0.07,0.466,0.832,-0.054,0
1574891687491,67,0.49,0.63,0.07,0.465,0.833,-0.051,0
1574891688490,67,0.56,0.49,0.07,0.464,0.833,-0.049,0
1574891689489,67,0.63,0.56,0.21,0.465,0.833,-0.052,0
1574891690491,67,0.42,0.56,0.07,0.463,0.834,-0.05,0
1574891691490,67,0.49,0.7,0.21,0.463,0.834,-0.049,0
1574891692488,67,0.7,0.56,0.07,0.463,0.835,-0.051,0
1574891693488,67,4.06,-0.21,7.42,0.454,0.84,-0.032,0
1574891694489,67,-4.83,2.38,-4.83,0.44,0.859,0,7
1574891695493,67,-3.85,3.43,-2.24,0.442,0.811,-0.074,8
1574891696492,67,-0.7,0.07,-0.21,0.438,0.803,-0.092,6
1574891697492,67,0.14,0.49,-0.14,0.441,0.805,-0.089,6
1574891698493,67,0.77,0.91,0.07,0.44,0.805,-0.089,5
1574891699489,67,0.42,0.56,0.14,0.439,0.806,-0.085,6
1574891700491,67,0.28,0.63,0.14,0.44,0.806,-0.085,6
1574891701489,67,1.05,0.98,-0.28,0.438,0.806,-0.085,6
1574891702493,67,0.28,0.28,0.14,0.439,0.807,-0.085,5
1574891703490,67,0.56,0.7,0.14,0.439,0.807,-0.084,6
1574891704488,67,0.21,0.56,0.14,0.438,0.807,-0.088,6
1574891705492,67,0.56,0.63,0.21,0.436,0.807,-0.083,6
1574891706491,67,0.7,0.91,-1.54,0.437,0.806,-0.091,6
1574891707489,67,-16.17,-20.65,15.47,0.444,0.807,-0.061,6
1574891708489,67,3.57,3.15,9.24,0.442,0.825,-0.071,7
1574891709491,67,-12.39,1.19,-2.73,0.415,0.83,-0.042,0
1574891710494,67,6.72,-15.82,-0.21,0.339,0.803,-0.071,1
1574891711490,67,6.72,-15.82,-0.21,0.339,0.803,-0.071,0
1574891712493,67,1.75,1.19,-0.49,0.388,0.816,-0.056,0
1574891713489,67,0.56,0.49,-0.35,0.383,0.811,-0.065,0
1574891714490,67,0.42,0.7,0.56,0.384,0.811,-0.067,0
1574891715525,67,0.91,0.63,-0.07,0.386,0.813,-0.065,0
1574891716495,0,145.88,23.31,112.35,-0.663,-0.667,0.34,37
1574891717488,0,145.88,23.31,112.35,-0.663,-0.667,0.34,37
1574891718490,0,101.78,-9.66,-22.89,-0.463,-0.634,0.08,14
1574891719490,0,-2.17,-0.56,-6.23,-0.487,-0.634,0.04,2
1574891720560,0,51.31,24.01,28.91,-0.199,-0.537,-0.534,1
1574891721524,0,51.31,24.01,28.91,-0.199,-0.537,-0.534,25
1574891722522,0,46.48,21.07,-7.21,-0.575,-0.793,0.157,25
1574891723517,0,3.43,3.5,-1.4,-0.574,-0.818,0.028,24
1574891724519,0,1.19,18.76,1.4,0.655,0.756,0.006,13
1574891725488,0,3.43,13.72,0.07,-0.661,-0.75,0.022,19
1574891726492,0,24.22,22.54,39.62,-0.631,-0.689,0.342,23
1574891727494,0,-32.06,0.42,6.09,-0.587,-0.807,0.042,27
1574891728488,0,-1.26,0.56,0.49,-0.578,-0.807,0.084,37
1574891729492,0,-0.42,0.49,0.63,-0.576,-0.808,0.088,38
1574891730490,0,3.5,11.34,9.59,-0.579,-0.812,0.059,32
1574891731485,0,3.5,11.34,9.59,-0.579,-0.812,0.059,32
1574891732491,0,12.32,8.12,-7.28,-0.569,-0.82,0.047,28
1574891733492,0,7.91,4.2,-2.52,-0.566,-0.815,0.094,28
1574891734492,0,-5.81,-2.38,-2.94,-0.567,-0.82,0.063,29
1574891735491,0,-3.85,0.21,-1.82,-0.567,-0.817,0.08,26
1574891736489,0,-0.63,3.64,-0.49,-0.561,-0.822,0.073,31
1574891737489,0,-1.75,-0.84,0.56,-0.562,-0.822,0.066,29
1574891738493,0,2.59,1.68,0.21,-0.56,-0.824,0.065,30
1574891739490,0,2.59,1.68,0.21,-0.56,-0.824,0.065,30
1574891740488,0,30.52,7.42,-10.92,-0.559,-0.827,0.048,27
1574891741491,89,-5.95,2.03,6.02,-0.555,-0.828,0.065,24
1574891742495,89,20.23,9.03,-5.53,-0.556,-0.831,0.021,21
1574891743490,92,20.23,9.03,-5.53,-0.556,-0.831,0.021,21
1574891744490,91,-4.41,-2.1,1.05,-0.549,-0.834,0.042,23
1574891745506,90,1.47,1.54,-0.56,-0.546,-0.836,0.045,23
1574891746493,90,-2.31,-0.7,1.05,-0.542,-0.838,0.046,23
1574891747487,90,3.01,2.87,-0.49,-0.542,-0.837,0.058,25
1574891748492,90,-1.4,1.12,0.84,-0.539,-0.84,0.049,25
1574891749496,90,0.49,0.7,-0.07,-0.535,-0.842,0.059,25
1574891750493,90,-0.84,0.77,-0.07,-0.531,-0.844,0.06,27
1574891751493,90,-2.94,-1.05,0.28,-0.529,-0.845,0.062,28
1574891752541,90,56.77,-28.21,63.07,0.54,0.841,0.003,12
1574891753516,90,56.77,-28.21,63.07,0.54,0.841,0.003,12
1574891754509,90,-19.32,-6.09,-0.07,-0.516,-0.85,0.081,33
1574891755506,90,0.77,0.35,-0.28,-0.511,-0.856,0.06,27
1574891756489,90,0.35,0.98,0.42,-0.506,-0.86,0.047,27
1574891757490,90,1.33,1.12,-0.07,-0.5,-0.864,0.045,22
1574891758487,90,0.63,0.56,0.07,-0.497,-0.866,0.045,23
1574891759489,90,-0.07,0.07,0.21,-0.494,-0.867,0.045,23
1574891760488,90,0.28,0.35,0.07,-0.492,-0.868,0.047,23
1574891761490,90,5.6,3.99,-2.59,-0.492,-0.869,0.041,24
1574891762491,90,-0.14,0.42,0.07,-0.487,-0.871,0.048,23
1574891763493,90,-0.14,0.42,0.07,-0.487,-0.871,0.048,24
1574891764486,90,0.07,0.49,0.14,-0.481,-0.874,0.048,24
1574891765492,90,-0.21,1.19,0.21,-0.478,-0.876,0.048,24
1574891766491,90,-1.75,1.19,1.61,-0.473,-0.877,0.062,26
1574891767491,90,-1.75,1.19,1.61,-0.473,-0.877,0.062,25
1574891768493,90,3.85,-0.07,-1.75,-0.473,-0.878,0.05,25
1574891769494,90,8.19,7.56,0.56,0.483,0.875,0.004,10
1574891770488,90,-7.77,-0.21,-4.62,-0.518,-0.844,0.123,13
1574891771490,90,13.58,4.76,-7.07,-0.509,-0.857,0.061,20
1574891772493,90,-15.61,-0.49,10.29,-0.479,-0.843,0.16,36
1574891773486,90,-15.61,-0.49,10.29,-0.479,-0.843,0.16,36
1574891774490,90,-2.38,5.18,4.55,-0.474,-0.828,0.193,44
1574891775519,90,10.92,-3.01,6.72,-0.484,-0.839,0.173,41
1574891776490,0,1.4,0.84,1.47,-0.48,-0.856,0.135,37
1574891777487,0,1.4,0.84,1.47,-0.48,-0.856,0.135,31
1574891778493,0,-24.57,4.27,22.61,-0.475,-0.848,0.165,33
1574891779493,0,18.69,4.2,-11.13,-0.466,-0.832,0.196,46
1574891780488,0,1.47,-4.55,-3.71,-0.482,-0.856,0.142,35
1574891781504,0,1.47,-4.55,-3.71,-0.482,-0.856,0.142,14
1574891782552,0,1.68,6.86,5.67,0.412,0.911,0.021,15
1574891783499,0,1.68,6.86,5.67,0.412,0.911,0.021,19
1574891784493,0,-60.06,-4.97,6.09,-0.44,-0.895,0.063,42
1574891785496,0,0.21,-0.35,0.7,-0.43,-0.872,0.142,42
1574891786498,0,-109.27,-21.35,8.05,-0.711,-0.359,0.436,20
1574891787491,0,-17.43,-31.08,-1.75,-0.717,-0.062,0.681,28
1574891788493,0,1.75,2.1,0.35,-0.712,-0.234,0.605,30
1574891789494,0,-0.63,0.42,0.35,-0.717,-0.058,0.683,32
1574891790493,0,0.21,0.42,0.63,-0.714,-0.024,0.693,31
1574891791494,0,0.35,0.07,0.49,-0.715,-0.03,0.69,32
1574891792498,0,0.98,0.56,-0.35,-0.716,-0.041,0.688,32
1574891793491,0,-45.5,-18.48,14.98,-0.719,-0.11,0.671,32
1574891794490,0,-140.84,-69.65,20.09,0.413,-0.264,-0.687,35
1574891795491,0,15.33,11.06,-21.77,0.422,-0.31,-0.676,41
1574891796492,0,-6.09,9.8,34.44,0.445,-0.334,-0.68,41
1574891797501,-10,-6.09,9.8,34.44,0.445,-0.334,-0.68,41
1574891798529,-10,-12.25,13.3,-11.41,-0.356,-0.934,0.001,12
1574891799556,-10,-12.25,13.3,-11.41,-0.356,-0.934,0.001,31
1574891800511,-10,7.28,-0.77,-1.26,-0.187,-0.981,0.017,31
1574891801508,88,0.49,1.19,0.63,-0.185,-0.981,0.021,28
1574891802488,88,1.4,1.12,-0.56,-0.182,-0.982,0.023,28
1574891803490,89,0.91,0.84,0.28,-0.175,-0.983,0.022,27
1574891804491,88,0.42,0.91,0.63,-0.171,-0.984,0.022,26
1574891805501,88,-0.56,0.21,-0.21,-0.167,-0.984,0.024,27
1574891806517,89,0.35,0.56,0.07,-0.164,-0.985,0.02,22
1574891807489,89,0.35,0.56,0.07,-0.164,-0.985,0.02,23
1574891808489,89,-0.21,0.56,0.21,-0.156,-0.986,0.02,26
1574891809489,89,0.35,0.56,0.14,-0.153,-0.987,0.02,27
1574891810492,89,0.63,0.56,0.07,-0.149,-0.987,0.02,25
1574891811489,89,0.42,0.56,-0.07,-0.146,-0.988,0.02,22
1574891812493,89,0.28,0.63,0.28,-0.142,-0.988,0.019,27
1574891813489,89,0.49,0.49,0.07,-0.139,-0.989,0.02,23
1574891814489,89,-1.82,0.42,0.14,-0.136,-0.989,0.019,27
1574891815488,89,-1.82,0.42,0.14,-0.136,-0.989,0.019,26
1574891816488,89,2.03,2.17,2.31,-0.131,-0.99,0.02,25
1574891817493,89,0.07,0.7,0.21,-0.128,-0.99,0.019,25
1574891818489,89,-0.42,0.77,0.49,-0.125,-0.991,0.02,26
1574891819492,89,0.28,0.49,0.28,-0.122,-0.991,0.019,26
1574891820488,89,0.28,0.07,-0.49,-0.118,-0.992,0.018,26
1574891821488,89,-0.35,0.49,0.28,-0.114,-0.992,0.019,23
1574891822489,89,0.98,0.49,-0.84,-0.111,-0.992,0.019,28
1574891823491,89,0.98,0.49,-0.84,-0.111,-0.992,0.019,28
1574891824488,89,1.12,0.56,-0.14,-0.103,-0.993,0.016,27
1574891825492,89,0.56,-0.21,-1.33,-0.101,-0.995,0.014,18
1574891826493,89,1.54,0.56,8.19,-0.1,-0.994,0.014,20
1574891827486,89,1.54,0.56,8.19,-0.1,-0.994,0.014,20
1574891828488,89,0.14,0.7,0.21,-0.091,-0.994,0.022,27
1574891829488,89,0.35,0.35,0.21,-0.088,-0.994,0.023,27
1574891830490,89,0.77,0.42,-0.07,-0.086,-0.994,0.023,28
1574891831491,89,0.77,0.42,-0.07,-0.086,-0.994,0.023,28
1574891832491,89,0.77,0.63,0.21,-0.08,-0.995,0.024,28
1574891833492,89,11.69,9.52,5.88,-0.097,-0.995,0.019,19
1574891834490,89,3.22,-0.28,-2.66,-0.094,-0.994,0.025,25
1574891835489,89,3.99,3.36,-1.75,-0.119,-0.985,0.048,28
1574891836496,0,6.51,3.71,0.35,-0.102,-0.994,0.025,23
1574891837489,0,-8.4,-2.31,-1.05,-0.096,-0.994,0.025,23
1574891838489,0,0.49,6.86,-4.97,-0.086,-0.992,0.042,27
1574891839494,0,-0.91,0.63,0.42,-0.072,-0.99,0.04,34
1574891840494,0,-0.91,-1.61,-1.05,-0.078,-0.988,0.049,36
1574891841489,0,-0.91,-1.61,-1.05,-0.078,-0.988,0.049,36
1574891842489,0,-18.69,7.35,2.03,-0.059,-0.993,0.029,32
1574891843489,0,-0.14,1.05,0.42,-0.057,-0.99,0.04,36
1574891844490,0,-0.56,0.56,0.63,-0.054,-0.991,0.035,36
1574891845490,0,-0.56,0.56,0.63,-0.054,-0.991,0.035,36
1574891846492,0,9.31,4.62,6.09,-0.072,-0.993,0.042,28
1574891847491,0,-4.13,0.7,0.07,-0.067,-0.994,0.034,27
1574891848491,0,8.96,1.75,3.36,-0.065,-0.997,0.024,22
1574891849490,0,16.87,8.26,-0.7,-0.06,-0.998,0.012,18
1574891850493,0,-14.14,-1.61,4.27,-0.055,-0.997,0.029,20
1574891851490,0,-14.14,-1.61,4.27,-0.055,-0.997,0.029,20
1574891852488,0,2.45,11.97,4.69,-0.052,-0.998,0.023,23
1574891853494,0,2.94,1.12,-0.84,-0.045,-0.997,0.024,23
1574891854493,0,-3.01,-0.56,0.28,-0.042,-0.997,0.023,24
1574891855498,0,0.28,0.14,-0.07,-0.04,-0.997,0.025,25
1574891856489,0,1.05,0.77,-0.42,-0.037,-0.997,0.026,25
1574891857489,0,0.7,0.7,0.14,-0.035,-0.997,0.025,25
1574891858488,0,0.07,0.42,0.28,-0.032,-0.997,0.025,25
1574891859492,67,0.21,0.35,0.07,-0.029,-0.997,0.026,25
1574891860491,65,-3.08,-1.47,1.89,-0.025,-0.996,0.027,28
1574891861491,64,-3.08,-1.47,1.89,-0.025,-0.996,0.027,28
1574891862496,65,-3.15,-2.31,0.28,-0.016,-0.997,0.019,27
1574891863493,66,0.07,0.77,0.35,-0.02,-0.996,0.027,28
1574891864496,65,0.84,0.63,0.28,-0.016,-0.996,0.027,28
